area_sqft,bedrooms,bathrooms,location_score,house_price_inr
1973,5,4,7.6,40275084
1560,3,3,6.3,26812029
2071,4,3,5.8,29315677
2640,5,3,7.7,47712959
1498,3,3,3.8,17724566
1498,3,1,7.4,26448337
2676,6,6,7.1,44768109
2149,2,1,5.9,30291804
1345,2,1,4.7,16161989
2003,4,3,1.0,12273622
1349,3,2,5.5,17848557
1347,3,3,6.7,24384794
1807,5,3,5.5,26452988
450,1,1,5.2,3656205
529,1,1,2.7,2795719
1285,3,3,1.3,7526418
992,4,3,4.0,9787652
1854,4,3,7.4,32072147
1060,3,2,6.3,17185679
732,1,1,3.6,5060892
2603,4,3,2.6,20698496
1503,4,4,8.8,32225228
1694,4,3,5.1,25528230
724,3,2,5.6,8981606
1296,2,2,7.7,24649837
1722,4,3,1.0,9147446
902,3,3,4.7,8948973
1894,5,3,2.7,12201793
1260,3,1,3.9,12725267
1460,3,2,4.4,16775146
1259,2,1,4.9,16015907
2854,7,5,7.1,49090197
1641,3,2,7.1,24532466
962,3,3,6.0,14572835
2185,4,3,7.3,36179860
856,1,1,4.1,10049125
1786,5,4,8.8,35534342
450,1,1,7.3,7998255
787,3,2,2.2,3793563
1778,4,3,5.1,22655265
2130,3,2,2.3,13523245
1761,5,5,7.5,32598361
1575,3,2,9.7,32984334
1454,4,2,3.9,14259713
689,2,2,6.4,10673815
1182,1,1,5.8,16825629
1351,3,3,3.8,13112113
2337,7,6,6.9,40733402
1873,5,3,9.9,45355110
504,1,1,4.8,5550208
1861,5,2,5.2,28934424
1400,3,3,8.6,29171512
1210,3,2,4.4,14032399
2048,4,3,7.1,34780122
2320,5,3,2.2,19505645
2255,6,5,5.9,30198660
1105,2,3,2.8,9856250
1449,4,3,3.7,17035215
1865,4,2,4.1,22301856
2284,4,4,7.1,40604367
1339,4,2,7.1,22988622
1529,3,1,6.4,24140544
931,3,3,1.6,5099421
872,2,1,3.5,6065410
2178,5,4,5.9,36556801
2532,6,4,6.4,38904371
1603,4,3,1.2,9438762
2302,4,4,8.7,42398838
1885,3,2,5.2,28086039
1231,3,2,3.6,11943834
1885,4,3,6.0,25683316
2650,5,5,2.1,20248566
1627,3,2,3.1,14871613
2667,5,3,5.6,34113486
450,1,2,5.6,5463440
2184,5,3,8.3,45825043
1707,3,3,2.0,10720305
1456,2,1,8.5,28889145
1710,4,5,5.3,25309569
450,1,1,4.0,3259950
1507,5,3,5.6,20716601
1882,3,2,8.9,39973292
2611,7,6,4.5,29865355
1313,4,2,6.6,20490893
1124,2,3,3.0,8498248
1324,3,3,4.9,17694470
2245,5,4,7.8,39521535
1864,4,2,4.6,23344063
1306,4,3,6.9,21472564
1984,5,3,5.7,26109599
1713,4,4,9.1,35908822
2280,5,3,8.7,50013235
1194,1,1,6.1,16503162
1437,3,2,2.7,12979282
1395,4,2,1.5,9380360
699,1,2,2.3,4822779
1842,3,3,5.2,25639910
1820,4,4,7.0,31233563
1653,3,1,3.6,14515200
1498,3,3,6.5,20387219
730,1,3,4.1,5991933
1377,2,1,6.0,22127803
1427,2,3,7.0,26744300
1129,3,2,4.1,12071459
1545,2,1,2.5,8884965
1913,3,2,4.2,21670444
2876,6,5,1.2,23384456
1763,5,3,4.7,23395155
1817,4,3,9.1,39138320
1602,3,3,5.7,23816387
450,1,1,3.2,2323379
1633,2,2,5.2,20297446
1689,4,3,3.7,19706260
3251,7,5,5.6,45023844
1525,3,2,7.3,24186928
1846,5,4,4.7,25332217
1627,3,2,1.9,12622867
890,3,3,5.8,10333311
2393,5,3,4.9,31563700
2139,4,4,2.1,13403633
2164,5,3,5.9,31300735
1059,2,2,8.8,24397074
2562,7,4,6.0,39511096
739,1,1,5.5,9427296
2031,4,2,7.2,32073057
3074,7,4,7.0,52308876
1006,2,2,4.9,13194994
1282,4,3,5.9,20020900
1715,5,4,3.4,15116225
1323,3,2,7.7,24692739
642,2,1,6.3,9023544
1695,3,1,1.7,13982334
960,3,3,8.4,19729755
1958,5,5,8.6,46101140
1052,3,3,5.9,15524849
2657,5,4,7.5,46997990
1141,1,2,4.8,14542026
1441,4,4,2.5,9503942
2179,3,3,8.3,37846975
850,2,2,8.1,13452887
1798,5,3,3.8,15516550
2500,6,3,4.8,24635062
605,3,2,7.6,13284966
1770,5,4,5.4,23050706
1819,4,3,5.7,26212040
2158,5,5,6.9,36719649
846,2,2,7.4,15262659
792,1,2,6.8,12525178
1989,4,3,9.1,43103886
1843,4,3,8.1,35947398
1813,2,1,7.0,29109891
1875,4,2,5.4,22967365
1208,2,2,9.2,20918771
1801,3,2,6.8,30708702
1840,4,4,7.7,32068145
1186,3,3,4.4,17232888
2863,7,5,7.3,56348515
1958,4,5,7.4,37141974
876,2,2,6.5,12618512
2077,5,4,1.7,15559326
1016,3,2,6.3,14964002
2162,4,3,6.5,39527395
2403,6,5,3.0,23325070
1117,3,3,7.0,16521197
2276,5,2,8.7,40809606
1918,6,4,3.7,21124369
2184,4,4,8.3,46254212
2883,6,5,7.3,50217829
1490,3,3,8.4,30554464
1160,3,1,2.2,7228992
1072,1,1,6.1,15114676
1120,2,2,6.3,14632217
1600,3,3,8.4,27988508
1872,4,4,8.6,40065825
1830,5,3,4.5,21339353
2188,5,4,4.8,28092171
1658,2,2,7.4,29827114
2595,7,4,6.8,40116060
1478,4,1,5.5,18988586
3418,7,5,5.3,42797532
2057,5,4,7.3,34642292
1093,3,2,5.6,17578908
954,2,1,4.7,10434467
1964,5,4,4.8,21933028
1505,3,2,3.7,14786512
2114,4,3,5.3,35203634
1958,4,4,4.7,25096759
1603,2,1,5.8,22656959
1100,3,2,3.3,6770200
665,2,2,8.4,12599116
1360,3,3,3.1,14241343
2207,6,3,6.2,34293551
1789,4,4,7.8,31244713
840,1,1,6.1,9892532
1763,5,4,4.1,19659449
1900,3,2,5.0,24730189
1075,2,1,2.9,6975878
1750,3,3,5.1,22369358
1688,5,3,5.2,26336725
907,3,3,5.0,12272573
1883,5,3,5.2,23733633
2015,5,3,6.8,35482055
2354,5,5,3.0,18648493
2335,5,4,7.0,39515595
755,2,2,1.5,3135199
1040,3,3,8.0,21034842
1985,4,2,3.9,20766388
1984,4,4,9.4,49777576
1985,5,2,6.6,32037511
4154,7,4,5.9,62180664
2021,4,3,5.9,29503281
2388,5,4,6.7,38254553
2270,4,3,4.9,29737088
2073,3,2,2.8,17454526
1445,3,2,6.0,21459949
2143,5,3,6.7,32968859
1148,3,1,2.7,11392984
1496,2,2,5.9,18274398
1335,3,3,7.2,25090692
1703,2,3,4.8,19313088
3155,7,4,3.5,28442629
450,1,2,3.8,3039801
2096,6,4,5.7,30780285
602,2,3,7.3,9303832
1343,2,3,7.3,24639351
2358,4,3,5.0,31491904
1692,4,3,9.0,33530681
949,1,2,5.8,14470294
1185,3,3,4.8,15188570
2092,4,3,5.0,29697751
1175,1,1,2.6,7015123
1791,2,2,7.6,31703721
1680,4,4,7.6,32829132
1226,2,3,6.5,19860259
3044,6,3,5.5,36263793
2062,5,3,6.5,27771465
450,2,3,9.0,11103961
1771,4,2,7.7,36745979
1220,2,2,1.4,5754100
2204,5,3,2.4,19744745
1135,1,2,5.2,13377337
1575,4,2,7.4,28572411
1978,5,4,6.3,34948721
2213,5,4,5.9,35808633
870,1,1,4.0,7741572
1433,3,1,5.0,17185959
1341,2,1,5.9,18348323
1225,3,2,4.5,14735700
2798,7,5,1.0,15225983
1913,5,3,2.6,17616171
830,1,1,3.9,7111388
2247,5,4,7.1,44576781
3029,7,5,6.1,41554751
2321,5,4,2.7,19155373
662,2,2,7.5,12204082
1335,3,2,8.8,28427533
2473,5,3,5.9,43330581
1190,2,3,7.0,19544554
1938,3,2,9.4,42041283
2154,5,4,4.3,21483908
1047,3,4,7.3,19151893
1611,5,3,3.4,15793662
450,2,2,4.6,4305638
984,3,4,3.4,9039696
1486,3,2,9.0,30441008
839,1,2,1.6,4733075
2711,7,4,3.8,30424235
720,2,1,1.9,5483805
1364,3,3,1.3,7544831
1735,4,4,4.6,25600650
2587,6,5,7.0,40147309
717,3,3,6.0,11465852
2406,6,4,4.8,31695185
1657,4,4,7.4,27363739
1012,3,2,8.2,18441053
1950,5,4,8.5,41626015
1779,4,3,7.1,29984696
1260,3,3,5.3,13557674
1695,3,3,2.4,12620477
1400,4,2,9.2,29671591
1724,3,2,7.3,23537925
2080,5,4,8.0,40464458
2681,5,2,6.0,44526567
845,2,2,8.1,14530748
3036,7,5,2.2,26851872
450,1,1,7.8,7701038
1551,4,2,6.6,23677708
2032,4,4,6.7,31072326
1833,5,5,7.4,30882910
1245,3,3,5.7,14930615
1515,4,3,7.8,31108627
1330,2,2,3.8,16426677
1267,2,2,4.9,16916446
2202,5,4,1.8,15914449
1882,5,4,4.3,22314594
1200,4,4,5.2,14340264
2235,4,5,8.8,52406464
1850,5,3,3.5,17876729
2178,3,2,3.1,18194835
2059,4,2,5.5,28661309
1111,2,3,2.2,7660560
1286,2,1,2.4,9189320
2136,3,1,7.9,37864954
2047,5,4,5.7,29097669
1636,3,4,8.3,29337677
1726,4,3,3.1,15728620
2480,6,4,5.4,31043983
1265,3,3,6.1,19980393
2006,5,5,5.7,29349571
1519,3,2,7.4,24774237
1509,2,2,4.8,16497013
2364,6,4,9.4,46250041
2187,4,2,7.1,33281604
2179,4,3,6.4,37013044
2499,5,4,3.2,22334179
1664,3,3,1.0,9375072
2093,4,3,6.9,40614753
1448,3,3,6.9,23721414
1861,4,3,3.8,19531278
1565,3,2,6.1,23744352
1713,3,2,7.3,30002690
2037,5,4,1.7,16456281
1118,3,3,5.8,14720354
3010,7,5,5.9,52392832
996,3,2,3.6,9844070
861,3,2,6.8,15221857
2403,4,5,6.6,37927143
2165,5,4,1.4,15647192
2056,5,4,3.1,19966742
2058,4,3,6.6,34347932
1642,4,3,5.0,19621788
1067,3,2,3.7,14043688
1699,4,3,4.9,26557209
1210,2,1,7.1,26316210
2284,6,3,3.0,20287607
1554,3,2,5.7,18697047
1113,3,3,5.9,14193982
1441,3,2,6.2,21262689
1918,4,4,5.8,28097730
1284,3,1,8.8,25757754
1116,2,1,5.6,14578823
1808,6,5,5.9,23300276
1809,3,2,7.5,32980686
1320,2,2,4.6,17008586
1344,3,4,7.9,26427352
1801,4,3,5.8,27478195
709,1,1,4.7,8642397
735,2,2,3.4,5936291
1183,3,1,6.9,18392609
1511,3,2,3.2,17082893
1852,5,4,6.3,32301653
2609,6,5,6.5,44555593
2207,6,5,3.7,25467516
1546,3,2,4.4,16253572
1638,4,3,6.8,28631551
998,2,3,7.4,18042435
1638,3,2,8.1,30477776
1462,4,3,6.5,22489438
1860,4,3,8.8,31113419
1112,3,3,7.5,22731699
1988,4,4,4.9,27160175
2646,7,4,6.8,46942436
1579,3,2,5.4,20692972
1911,4,3,8.2,37365064
2099,5,4,6.6,33414274
1389,3,2,2.4,11059414
1796,5,4,7.7,38483237
1658,3,3,7.3,25274595
1713,5,4,3.6,16009077
1148,3,3,5.0,12430778
1666,3,2,4.1,15322880
1974,4,4,7.2,36162641
2593,6,4,6.3,40296420
2274,5,4,5.7,35478991
3050,6,5,5.3,38121214
1151,2,1,4.8,13805428
2217,4,3,6.6,31348580
1769,5,4,2.2,11408482
3073,6,5,2.3,23098540
1125,3,2,5.5,14739708
1104,3,2,2.0,8641862
1260,2,2,6.5,19325805
450,1,2,9.3,11001465
1308,4,2,2.3,11051871
1157,2,1,7.0,21270273
1748,5,4,8.3,32209596
1872,5,4,6.7,27045279
2870,7,5,5.9,39277687
2268,5,4,7.4,41107373
1275,2,1,2.2,9060913
1066,2,1,6.9,13978618
1970,5,3,2.6,15540315
792,2,2,4.9,8774351
2840,5,3,5.1,37873542
2417,5,3,4.2,30603042
1345,3,1,3.8,13574108
536,1,1,5.7,5405100
2530,7,5,3.1,28357302
1576,4,4,4.1,18053563
2455,7,6,2.2,18888651
614,1,1,6.0,9040131
1260,4,2,6.1,21523817
1653,5,4,2.5,13750929
1681,5,4,3.2,14652646
1357,2,2,5.4,20611522
2055,4,2,4.7,24991318
956,2,1,9.5,22085816
1557,4,3,6.5,20345772
1728,4,3,7.3,26853325
1984,4,4,5.2,29237114
2113,5,4,6.3,32644279
919,1,1,3.9,8063806
653,3,2,1.0,3041793
2480,5,4,8.5,43617041
1866,4,3,9.4,42665233
1163,2,2,8.9,25449753
2658,7,5,8.0,52880443
1725,2,2,1.0,6428898
2417,5,4,6.9,41324650
1694,4,3,1.1,9811312
2989,6,4,6.4,52910846
2791,7,6,8.0,54486954
1488,3,3,7.0,24218516
2282,6,4,7.7,45837715
2069,5,4,3.3,21699630
2540,7,4,2.0,21800429
1023,2,1,1.4,5183974
2096,4,3,4.2,21706487
2338,6,5,3.3,18862976
507,1,1,6.6,8310921
881,1,1,6.7,15972521
450,1,1,3.3,2576356
1475,4,3,3.2,14062075
2116,5,4,6.8,33723019
2627,5,4,2.6,20036061
1698,1,1,7.9,30296710
2709,6,4,3.1,26972399
753,1,1,7.5,12732041
543,1,2,7.4,8892788
1614,1,2,4.5,21593306
1900,5,3,6.1,25316444
1629,4,4,8.2,34613764
450,1,1,6.9,6335354
1592,5,3,5.3,22754494
802,2,2,7.0,14634652
2085,6,4,2.4,13932189
1888,3,2,6.1,31184524
1039,2,2,5.1,12330784
1316,2,1,2.4,9643745
962,2,2,8.4,20544760
1609,3,4,6.9,22999406
2271,6,4,4.8,30901331
1009,2,1,6.9,17868466
1978,5,2,7.8,35149013
1305,3,2,1.3,8032360
1135,4,3,5.2,12867576
1580,3,3,8.9,34081561
977,1,1,8.1,17634708
1290,3,1,3.2,13046482
871,1,1,4.6,7942693
2927,7,5,7.0,47962758
1673,3,2,7.4,28363617
1195,2,2,9.3,26914643
1789,4,2,3.9,18066866
1577,4,3,7.0,25855040
1506,3,3,7.1,23136062
2049,4,3,4.3,23372689
2142,6,4,8.2,43243525
1305,2,2,5.3,18933975
1276,3,1,7.3,22693970
1471,4,4,8.6,33352092
450,1,1,6.6,6082243
665,2,1,7.5,12406053
2538,5,3,1.1,14268170
2719,7,5,3.4,33853213
1488,3,2,6.6,20860165
2025,5,3,5.3,35771228
1852,5,3,7.6,29270532
3651,7,5,4.0,44070042
2378,5,3,2.8,19626770
1567,3,1,1.5,7740846
1029,2,2,8.7,20921682
606,3,3,8.1,11910610
1782,3,2,2.9,16104695
1158,2,3,5.9,17638957
726,2,2,5.7,10520159
1230,2,2,3.5,12753037
947,1,1,3.6,3908310
2747,5,4,4.5,36610427
2223,5,3,8.2,42867399
1645,4,3,8.5,30154555
2612,6,5,8.5,60158932
1700,5,3,5.7,23986602
1090,3,2,3.6,10887813
2640,6,3,6.0,41274496
2000,4,4,8.6,34009567
976,3,3,8.0,19455149
1526,4,3,2.2,14238516
1081,3,2,5.6,15113341
751,1,2,2.4,2592748
2252,4,3,7.3,33967127
2891,5,4,4.0,36021113
741,2,1,4.3,7488069
2016,5,4,7.2,33549115
1227,3,2,1.0,5451230
1333,3,2,4.2,12603646
1265,4,4,2.7,12078740
1088,2,1,4.1,12262658
1682,5,4,6.9,28611442
1110,2,2,7.7,23250912
1826,4,2,8.7,35104229
1617,4,2,6.2,23198249
1495,4,3,7.0,23808171
1060,3,3,4.0,9902165
1275,3,2,1.0,7558011
2141,5,4,5.3,32355842
1976,6,5,5.8,29077387
1015,3,2,4.8,11232413
1715,4,2,6.3,20901424
2138,5,4,5.5,27989056
565,2,3,4.1,5286960
2003,5,4,6.5,26755143
1219,3,2,7.3,25185731
2021,4,3,7.1,35833485
1154,2,1,6.2,15859552
477,1,2,6.2,6189569
592,1,1,2.7,3059111
1681,3,2,5.7,24869110
1819,5,3,7.4,31324700
1062,2,2,3.9,12077777
2065,4,3,7.7,41553760
570,1,1,4.5,5143511
1607,3,2,9.4,38796801
863,2,1,3.9,7859648
1226,3,3,3.5,11945978
1681,5,4,8.1,34208108
1091,2,1,4.4,12285404
1400,3,4,8.6,26875432
2304,4,3,6.7,40443817
1275,3,2,8.0,28739237
2193,5,5,4.4,29016027
916,2,3,6.3,14798829
1994,4,3,1.9,14672510
2587,6,4,5.3,35722311
450,2,1,6.7,5980594
1132,2,2,8.1,22481909
2025,5,3,1.8,13474476
1518,3,3,6.5,21612736
1891,4,3,7.1,32208368
1257,3,3,3.0,10715978
1706,5,4,7.1,31395326
1549,3,2,6.7,23526713
2409,5,3,5.7,33255455
1815,4,3,2.5,14464951
1869,4,3,8.5,33334578
1382,3,3,8.4,25305000
1333,2,1,2.5,11282575
1369,4,3,2.9,10150310
1906,4,4,6.0,30896513
1376,4,3,7.6,29565158
1838,3,3,3.1,14033649
2999,7,5,4.9,43258893
2216,5,4,5.7,32911998
1438,4,3,7.9,25017726
2431,5,4,4.6,31316603
1385,3,1,7.1,23977484
450,1,1,6.6,8273045
995,2,2,5.0,12611687
450,2,2,8.9,9240516
1422,4,4,6.5,22137162
1662,4,3,3.1,16444437
2740,5,5,7.8,47439686
1863,5,3,5.7,23024489
1508,3,3,5.7,19471110
2189,3,3,1.6,14497989
450,2,1,6.7,7072309
1803,4,3,8.9,36733659
2151,6,4,5.1,25809925
689,1,2,4.4,6794971
2393,3,2,6.2,38117048
1870,4,3,9.8,47648676
1380,3,3,7.5,24094420
2061,3,2,6.1,28119085
3126,6,5,3.8,33480928
1768,6,4,3.6,18760077
1811,4,4,7.3,27350324
1351,4,3,2.7,10385359
1098,2,1,2.3,7255293
2190,3,3,2.2,16618298
1094,2,1,3.7,11281826
1697,4,4,6.6,29483959
1340,3,3,4.4,15889935
1961,4,3,5.4,26829048
1867,4,2,1.8,12986454
2324,5,4,9.1,50069202
1318,2,2,9.2,26792000
1475,4,4,4.8,16229921
1014,1,2,6.0,15297818
1361,1,1,6.5,19534591
1895,5,4,8.4,40000280
2142,5,4,7.7,37797712
1051,2,3,5.2,15806322
2215,4,3,4.5,25963028
2531,5,2,3.2,21138023
1919,4,3,6.0,25654354
2870,5,3,5.0,41962733
1147,2,2,5.7,16499424
841,2,2,2.0,5309641
494,2,2,4.4,3929480
2622,5,4,3.8,26799949
2075,5,4,7.6,40577616
1614,2,1,6.3,24507085
1832,5,2,3.7,18589802
918,1,1,3.9,9213277
3240,7,5,6.4,56621827
1734,4,2,5.6,24703682
1721,5,2,5.5,27079696
2122,4,2,6.1,31989111
1963,5,3,7.6,36609672
1796,4,3,5.0,24543797
1136,2,2,3.4,12575467
1956,4,4,6.8,36381002
2873,6,3,5.2,41254040
2525,6,5,7.1,42454382
2686,6,4,8.3,49493553
1318,3,3,5.2,17240915
1007,2,1,4.9,11338089
1568,4,4,1.0,8467350
1686,4,3,3.3,16940891
2361,4,3,3.8,23629745
550,2,2,6.0,9233459
2644,5,3,8.8,56886919
1547,4,3,2.6,15338713
1373,4,2,6.0,18996391
992,1,1,5.0,12691292
574,1,1,2.9,3165289
2185,4,3,7.1,34430422
1698,3,3,8.0,31662481
812,3,3,6.6,11182830
808,1,1,6.9,11418354
1432,3,3,6.2,20954318
2735,6,4,5.0,39163309
1481,4,3,7.9,24552061
673,1,1,3.2,4271799
1490,4,3,3.9,13396722
1473,4,2,1.0,5880952
450,1,2,5.6,6462557
1615,3,2,6.1,21787234
1500,3,2,5.6,21086033
2103,5,4,5.3,27839282
2852,4,3,4.3,34252507
2382,7,4,4.1,24434390
1475,4,3,6.2,23975617
931,2,2,4.1,8164446
3323,7,4,2.7,27520754
1688,6,4,5.3,22261968
1659,4,3,4.2,21014680
1634,4,3,6.5,25252443
1779,4,2,8.6,32805964
1556,3,3,4.5,17376760
1277,2,2,7.8,19541465
1295,2,2,2.0,8604349
1629,3,3,3.4,14783381
1297,2,1,3.9,10786750
1187,3,3,6.0,19128858
1719,2,2,6.5,24393634
1484,3,2,4.3,19496738
2628,6,5,9.2,65292008
450,1,2,7.7,7872720
2359,5,4,4.8,25432994
2460,7,5,5.4,42140754
450,2,1,6.0,5341214
1427,2,1,4.7,14924400
1409,3,3,1.2,8784013
735,1,3,5.4,10346541
1144,2,3,1.0,2714934
928,1,1,9.2,18194509
2789,7,4,7.0,45570535
2258,4,2,4.2,25873654
2477,6,3,8.8,50248368
2119,6,4,9.2,51398795
916,3,4,3.7,6908585
1309,2,2,7.2,26967591
1968,5,4,7.7,39209431
856,2,3,5.2,11953993
2113,4,3,1.7,11636059
1494,3,4,5.5,22929075
1406,4,4,5.9,20672576
2112,5,4,7.4,36609846
1939,5,3,3.4,18200038
1415,2,2,4.0,13694573
2404,4,3,1.8,15543709
947,2,1,6.9,16542769
2050,4,4,8.2,38613121
2036,4,4,6.8,34652112
1449,3,3,2.1,10942340
1862,3,2,3.5,13696696
837,1,1,5.2,10455260
2251,6,4,7.9,39424736
1530,4,3,9.4,31426155
1310,3,2,3.3,14392557
2332,4,4,6.4,34816568
1192,2,2,7.2,19989478
735,1,2,2.1,3441237
638,2,1,3.2,2128743
2044,5,3,8.5,39432014
818,1,2,1.5,3070567
2791,5,4,2.3,21417734
450,1,2,9.1,10913935
2753,5,4,5.8,42075382
1787,4,4,2.6,11590508
1587,5,4,4.1,17101102
1296,4,4,6.4,18413033
1909,4,3,7.5,33610875
1626,3,2,8.0,31053452
2367,5,4,2.6,18067821
1724,5,5,5.6,25789249
1748,4,4,3.6,17882255
1414,4,3,2.7,11212073
1613,5,5,5.2,22447731
1850,5,2,6.2,25638970
538,1,1,3.9,6540549
774,2,2,3.5,7263895
2133,6,4,4.5,22462319
1761,4,3,8.3,32023122
1530,3,2,5.2,19949246
1662,3,3,3.2,12622000
1876,4,2,7.8,34939840
1299,2,2,5.0,17330010
1144,2,2,1.0,4857745
1777,5,4,4.9,18175234
1014,1,3,6.8,13980715
1915,5,4,8.8,43795230
543,2,2,9.7,12445524
2319,5,3,9.6,49188914
1957,5,3,5.0,27836271
1816,4,3,5.0,26708257
2289,6,5,10.0,53943243
2733,7,4,2.6,21381592
2309,4,4,4.8,30201954
453,1,1,2.5,1615511
818,2,2,2.0,4603395
1244,3,3,7.1,20377313
1667,3,2,3.8,16698075
1986,6,4,8.9,37613511
1178,3,1,4.1,13709667
1771,3,2,3.9,18603093
1159,2,1,8.0,17441769
1253,2,1,7.7,21566889
736,2,2,2.8,6233244
1050,3,3,6.6,17964802
771,3,3,7.7,15262097
1016,3,3,6.9,16820912
2335,6,5,4.3,26935585
1033,3,2,7.1,18676632
3361,6,4,7.4,61687227
1971,4,3,5.2,26174557
1770,5,4,5.5,26367660
1092,2,3,8.6,21614971
2105,5,4,4.3,25665374
1276,3,2,1.6,7861569
1729,3,2,3.4,16220677
3314,7,5,7.0,55443403
1588,4,4,5.5,22864598
2397,5,4,1.2,13866215
1193,2,2,5.5,16594825
1627,3,2,4.3,20065002
2801,7,4,2.3,20147049
1242,3,3,5.9,18130930
2828,7,5,8.6,62471688
2110,6,3,6.4,34470503
1284,3,2,3.4,11160548
2061,4,3,4.7,25417686
2282,3,2,3.2,20069625
2054,3,3,7.0,37654155
629,1,1,9.1,10724770
1177,4,4,5.2,14007947
1489,3,2,6.8,26362655
1602,4,2,7.0,32698732
2053,3,2,8.5,35577733
1766,3,2,6.6,23893124
782,2,2,8.5,15197046
1897,4,3,2.4,12655159
2047,4,3,7.4,35102128
2014,5,3,7.5,41049649
2353,7,5,4.4,31464016
2192,5,2,4.7,26242299
1948,4,3,8.0,38514780
1604,4,3,8.1,32208709
570,3,4,5.0,7381640
1929,3,2,2.8,15831874
1785,5,2,7.0,33793578
1827,4,3,3.5,18515614
820,2,2,7.3,13087575
947,2,1,8.5,19465364
2335,5,3,6.7,35105175
1624,4,4,4.7,17935502
2093,7,6,7.4,39024708
1668,4,1,2.6,14839151
1669,3,2,7.7,31859856
2260,5,5,8.1,48391312
1315,3,2,6.1,17579785
1712,2,1,4.5,20965472
1350,3,2,9.0,31467214
1368,4,2,4.6,19327868
1449,2,1,2.5,8502037
1794,5,4,7.5,31499960
1339,3,1,7.6,21586733
2466,5,4,4.6,33379448
1069,2,2,5.0,14519165
1529,5,3,5.3,21728061
1364,4,2,7.1,25259868
2591,6,5,8.6,60534084
1778,4,3,4.1,19484722
2321,5,3,4.5,29280707
684,1,2,3.1,4393460
1824,2,3,9.2,44159556
2228,7,5,6.3,34740679
1703,4,2,4.6,24686565
2343,6,4,4.3,26948218
1314,3,3,3.1,12537373
2566,5,3,8.8,56389414
3144,7,5,5.4,33740552
1414,2,1,4.1,17191377
1360,5,3,8.1,28379963
2595,5,4,4.4,27736918
2677,5,3,6.7,42905160
1310,3,2,3.3,12460815
1377,4,2,5.0,19545894
1467,3,2,5.4,20047583
776,1,1,5.4,9675985
1053,3,3,4.0,13758318
997,3,2,8.0,21681162
1151,3,2,5.8,16116353
1627,4,4,5.3,20273702
1802,6,3,5.0,23286166
2658,7,5,8.6,50307550
1001,2,1,7.1,16149330
2290,6,4,3.3,19208491
1511,4,2,6.9,23887911
1618,4,4,4.0,15193003
2089,3,2,9.0,43789186
920,2,2,5.6,13459335
1899,4,2,7.2,35397410
1758,5,3,5.4,23924014
1970,5,3,2.0,13578535
1838,2,2,4.8,21825564
3246,7,4,6.5,46847240
1235,4,4,7.2,22429050
1305,3,1,8.3,22838844
1245,3,2,3.2,11196042
1289,3,4,4.6,16416728
1236,3,2,9.8,29324524
2423,5,3,1.7,15253934
2573,5,4,7.1,39814540
1279,2,1,8.7,24612778
1109,3,2,7.6,20589706
1956,4,2,5.4,20386716
1291,3,4,3.7,13381660
2061,4,3,6.5,30986221
1782,4,2,5.0,21331055
665,2,3,4.7,8235427
2656,6,5,2.7,24422270
2817,5,3,6.5,43323900
1252,3,2,7.0,24181786
1398,3,3,3.9,17639724
1836,4,3,7.5,29096069
1867,5,2,7.5,32792423
2078,5,5,7.5,42804943
2957,7,4,4.5,35828033
1535,2,3,3.9,16396318
1131,2,3,6.9,18188654
753,2,1,9.3,16325328
1175,1,2,5.2,14432166
1628,4,3,6.5,20649662
2816,6,3,8.6,58676288
1314,3,2,8.5,25636371
1795,5,4,2.2,12243948
1639,4,3,2.6,15121989
2422,7,5,4.1,26363261
3293,7,6,1.0,21623220
1305,3,2,5.8,14780801
1332,3,2,3.2,12924484
2329,4,3,7.9,42386840
2093,5,4,5.5,26652979
2850,7,3,2.2,19388777
2030,4,3,9.4,51298314
1416,4,3,5.8,24884937
2034,5,4,1.9,11814388
2371,5,4,8.0,49714932
2183,3,2,9.0,40616636
1980,4,3,5.9,28241428
2343,4,2,2.6,20802977
2410,7,5,8.9,55134460
2548,6,6,3.2,23297978
2072,4,2,5.5,29854939
1541,4,2,3.9,18161199
1745,3,2,4.7,24548506
2434,5,4,7.2,39006463
1119,3,2,8.8,22205777
1890,5,4,9.1,45765157
1394,3,3,6.3,26307164
1669,4,3,4.6,18915394
2481,6,3,7.6,46026465
1774,4,4,4.4,22762088
1680,4,4,5.0,16455005
766,1,2,2.5,5892971
2135,5,4,7.0,39618740
2070,4,3,8.1,37103223
3056,7,6,6.7,54142353
1450,3,4,3.7,13523469
1792,6,4,2.6,14433551
1812,4,4,7.1,28440988
2675,5,4,4.0,28012485
1588,3,2,7.0,24782087
1831,4,2,7.6,34106498
2045,6,4,4.8,25355309
1771,3,2,7.5,32966750
1360,2,1,9.0,28240028
1776,5,3,7.4,25632341
2348,4,3,8.1,48167371
983,2,2,6.6,15246981
1736,4,3,6.8,29052412
1195,3,1,1.2,2994861
2427,6,3,7.9,50447846
660,1,1,2.9,2883698
1287,3,2,6.5,22000990
1895,4,4,7.1,31279262
2668,6,4,7.8,48396731
1607,4,3,6.9,25031842
1289,3,3,3.4,12551174
2873,7,5,3.4,28317563
709,2,1,6.5,8945667
450,1,2,7.2,5858707
1936,3,3,5.1,19616584
1324,3,2,7.4,21978461
986,3,3,1.7,5009589
2110,5,3,8.5,42961086
1808,3,2,6.7,35449483
1283,2,2,7.2,23155875
818,1,1,7.3,12305919
2217,5,4,7.1,34864498
2073,5,5,1.5,12095720
1586,3,3,4.7,21161553
2850,7,5,5.1,43194490
954,2,2,1.7,2975871
658,1,1,1.0,1835460
1200,2,2,6.8,20611758
1620,4,3,2.7,17606047
1808,4,3,5.7,26024443
1493,5,4,5.4,22582863
1879,3,3,5.6,23233705
836,2,1,9.5,17475127
2588,5,4,3.2,22862294
1597,3,1,7.7,28434618
2376,5,4,8.7,45530073
1873,4,3,4.9,23342527
1947,7,5,8.8,39569783
2020,4,3,6.1,27461534
1941,3,3,4.4,21526131
2068,5,5,8.5,43238388
2514,4,4,3.0,22364583
1778,4,3,2.3,13260842
2111,5,4,3.5,21580017
1592,4,4,7.0,29138500
2586,7,4,5.9,40484059
1210,2,2,4.9,16686118
2821,6,5,7.1,53093115
1624,3,3,3.0,13712654
720,1,1,6.4,8521069
1733,4,2,3.6,19337816
1207,2,2,5.4,13816280
2196,5,3,3.9,23296451
1226,2,2,5.1,16312633
1360,3,2,6.5,22194098
450,2,1,1.0,2160972
1356,2,1,6.0,19957609
450,1,2,7.6,8262475
620,1,1,7.8,13361661
2144,5,4,5.8,33247446
2161,5,4,4.8,27066536
1927,4,2,8.9,32217698
1021,2,1,5.4,13588973
1619,4,2,5.9,20753149
1648,4,2,3.7,15086492
897,1,1,7.9,13086556
2627,6,4,6.9,44077225
2220,5,5,2.6,19866616
1506,3,3,8.2,26888768
1667,5,4,8.6,36750203
1785,3,2,6.2,27303375
450,1,2,3.7,3849363
1489,4,3,7.9,21044808
1207,2,2,7.2,20799631
999,1,1,1.4,2739631
1467,3,3,6.1,19315659
2818,7,5,3.4,26288730
2067,4,3,8.8,47943846
1279,2,1,4.6,16595480
2022,5,4,4.7,24679054
2560,5,4,1.5,12429624
2251,5,3,6.0,35359602
1689,4,2,7.6,31053011
1229,3,2,6.6,21634802
2104,7,5,2.4,16265828
1906,5,5,2.6,18764028
2232,6,3,6.1,38170893
2063,4,3,7.8,43320779
2332,4,3,6.2,34594651
1302,3,3,3.9,17098735
2506,6,4,7.4,49530399
1778,3,2,4.6,18617104
2999,7,5,6.9,51834393
1202,3,2,1.9,7450217
2778,6,3,8.0,51350900
1779,4,2,5.1,20966245
1227,3,4,7.4,22201162
1335,3,3,7.6,24749136
1442,3,2,4.4,16113788
1926,3,2,5.9,27409886
1990,6,4,9.5,43380773
1277,3,3,5.8,17440963
1634,3,3,5.2,20700749
3042,6,4,8.6,71427309
2773,7,5,6.8,46469300
1934,3,2,5.9,31009977
1675,3,2,2.9,15139484
1728,4,3,6.5,27341366
2049,5,2,4.3,29046062
985,3,4,8.9,22693690
1483,5,4,5.2,20074898
565,2,1,4.7,4796279
1909,3,2,7.3,26614791
2071,4,3,7.9,38820199
1336,3,3,7.5,25393833
2673,7,4,7.7,51796418
853,1,1,7.6,16014846
698,3,2,1.5,3237013
1796,4,4,4.3,20052409
2331,6,4,7.0,42328726
2745,6,3,2.8,24276793
1352,2,2,7.6,21172346
2351,6,4,7.8,51508177
1625,4,3,3.0,14859261
1538,4,4,3.8,17345029
2224,5,2,4.1,25467281
2074,4,2,7.8,32734196
625,1,1,4.0,5710682
2610,6,4,3.5,27858197
2547,6,5,7.1,43706927
1243,2,2,6.1,18993611
1907,4,3,5.8,27218518
1971,4,3,5.5,26873428
1819,3,3,7.0,32641957
1292,2,2,4.8,16585531
1213,2,1,4.6,15742357
1633,3,3,3.2,12923028
2412,5,4,8.3,49893223
2003,3,3,4.1,25465442
1409,5,3,1.0,6908719
2152,6,4,5.2,31389482
450,1,1,3.8,1500096
2397,6,4,8.5,42912101
519,1,1,7.6,8387428
1414,4,3,4.5,17605408
922,1,1,3.5,10730568
808,3,3,9.1,17252479
2405,5,2,3.9,25889298
1346,2,1,8.3,21016394
1875,5,4,8.1,38584303
1620,5,4,3.0,15138924
1960,6,5,6.9,31152626
1700,3,1,6.1,23957948
816,2,1,6.2,12106323
2298,5,2,6.4,32198243
1329,4,3,7.9,22382576
638,1,1,7.4,10108553
1372,2,3,3.3,9904737
2625,5,4,4.4,30612410
2203,5,4,9.0,49553303
1423,3,3,8.4,25893994
1423,4,3,8.5,28662237
1441,4,2,1.4,7710283
3000,7,5,6.6,47756428
1898,6,3,8.7,34267887
1930,5,5,5.6,30368733
2320,4,3,8.7,44279097
1805,5,4,5.5,23148107
1482,3,2,2.9,12786249
1522,4,3,5.3,18606971
1603,5,4,2.4,11037911
1626,4,3,4.5,17768738
2123,4,3,3.3,18273451
1684,3,3,7.6,27189184
2126,6,4,1.4,13154797
1598,3,2,6.2,26903250
1701,4,4,8.7,35900171
450,2,2,6.8,6326347
2246,6,4,8.6,50179431
1875,4,4,8.3,33779585
2299,5,3,8.6,44898253
450,1,2,9.6,9348693
3007,7,5,3.0,26469224
1559,4,2,4.1,16871847
2370,5,5,8.0,37967757
974,3,3,3.7,8821673
2048,4,3,5.6,27925905
965,1,2,8.1,16174969
1245,2,2,8.9,23470808
2894,6,5,5.2,41220643
1526,3,1,8.1,33956894
1791,5,3,8.3,34021274
2216,4,4,6.0,31848038
1972,5,3,8.8,42206468
1748,3,3,3.8,17726751
1887,4,2,3.1,15688362
3212,6,5,4.7,44359300
1613,3,3,6.2,20312614
1781,4,3,6.6,28344816
2333,6,4,5.1,36643741
2369,5,4,6.7,43210245
2422,4,4,9.4,51160560
2065,5,4,5.3,33823690
907,2,3,6.4,15302096
2712,6,4,5.7,45346984
905,2,1,9.6,17622593
1847,4,2,3.5,18300399
1160,3,3,8.4,22955520
1608,4,3,3.9,17137824
1864,3,2,4.3,23762796
1859,4,4,2.9,17348536
1924,4,4,7.9,31495562
2699,6,3,6.7,43132795
1945,5,3,5.7,25341494
1491,3,3,8.0,33605414
2277,5,3,4.8,25737133
2423,5,3,7.1,40601668
852,1,2,8.8,17090304
2038,4,2,4.9,29764087
2106,5,3,4.6,27134681
1457,2,2,6.7,20849460
2544,6,4,8.6,52870670
1552,2,2,7.0,25120971
1732,3,2,6.1,26461547
1538,3,3,4.9,22182886
1660,5,4,8.1,29356787
937,2,2,7.5,12557535
714,1,2,5.9,9691627
2686,4,3,6.9,49139832
1099,2,1,6.6,16337186
1006,3,3,2.5,5514087
450,1,1,6.4,5007337
1235,3,3,7.0,18289202
790,3,2,8.6,15227322
2717,6,4,7.1,44035409
2306,6,6,6.4,32523064
1203,1,1,4.0,12458873
3114,6,5,5.4,39555520
2288,4,3,1.2,11954046
1439,3,2,2.4,10065761
450,1,1,1.9,1563957
3139,7,4,7.0,55770872
747,2,2,6.3,10252646
580,1,2,7.5,10784914
2315,5,4,2.5,22314552
3236,6,4,5.6,44962795
2550,7,4,5.1,36847228
2017,4,3,7.6,38143202
2037,4,5,5.2,29602366
2205,6,4,3.9,25337308
2143,4,3,7.9,38097673
1833,3,2,8.7,46827965
1718,3,2,5.3,19460764
1609,4,1,1.6,8897326
1160,3,3,7.2,19637814
1468,4,2,4.3,17078579
550,3,1,1.9,1276108
1586,2,2,3.5,15908969
1007,3,2,8.0,16739468
933,2,2,5.0,14579699
1767,3,3,6.7,28265939
2555,5,3,2.3,19963771
2247,4,2,6.0,33236507
629,3,3,5.3,8831900
1007,3,3,3.3,10254446
2262,5,2,4.4,28631406
1011,3,3,6.2,15932082
1504,2,2,5.2,18112371
2008,3,1,5.0,22084616
1021,1,2,3.4,10741332
1718,3,3,1.6,10656051
783,2,2,7.3,13829719
1259,3,3,5.7,18560109
1858,4,4,5.6,31674686
615,1,1,6.7,8808993
1936,5,3,4.2,19293328
1637,4,2,4.6,19275234
2009,5,4,2.8,16694549
1796,2,2,6.0,25895269
2537,6,4,1.0,11179823
1731,3,1,3.0,17408966
1371,3,3,3.3,12708718
1729,4,3,4.2,20516292
2003,5,3,2.4,14178780
1682,3,3,4.5,22093527
1676,4,4,2.0,11899738
1194,1,1,4.8,14261970
1219,4,3,5.7,14259627
738,1,1,4.3,7229039
2787,7,5,6.3,49434533
841,1,1,4.7,9768959
1200,2,2,7.6,18600235
1183,2,1,6.0,15777962
2232,6,3,2.8,18979855
1458,3,2,6.4,20695959
2461,6,4,4.1,28730862
1212,2,3,5.7,20527142
1831,2,1,5.2,24645193
1107,2,3,5.5,18387887
3044,6,4,4.2,33640990
878,2,2,5.6,11326291
1851,3,2,8.1,33720663
2062,5,4,7.1,31795350
1919,4,4,6.6,32372575
1530,3,2,3.5,10711210
1566,4,3,2.8,14049604
1678,5,4,3.3,16354919
1554,3,4,3.6,14127922
2277,4,2,7.5,41602500
3087,5,5,6.8,52442846
1288,2,3,8.4,25832657
760,1,1,1.6,1907013
1593,4,3,6.2,23126120
3327,7,4,7.3,59240469
1128,3,2,7.5,23063510
2715,6,3,8.4,53503264
2741,6,4,4.7,34645762
1290,4,4,1.0,5979644
2020,5,3,3.3,23816930
2708,6,4,5.2,34418997
1404,3,1,3.6,11272355
1518,3,3,1.8,8353884
1272,2,2,8.6,26124478
990,2,2,7.0,18403126
1228,3,2,5.4,14896025
854,2,2,4.5,8464550
1672,3,3,6.1,23362189
1150,4,3,6.3,16576091
1802,4,3,7.9,37739016
639,1,1,5.1,7651857
1865,4,4,4.5,22236963
2192,5,4,8.6,42333347
450,2,2,6.7,7438620
1893,3,3,6.3,29581540
2448,6,4,6.3,36177970
864,3,3,6.4,13168643
2737,6,5,5.0,38285631
1922,4,2,5.2,23396214
1192,2,3,5.2,14095760
1614,3,2,2.3,10029050
2013,4,3,8.3,42097834
1699,4,3,1.9,10503439
2000,5,3,7.8,35097644
1052,2,2,5.8,17591395
1760,2,1,7.2,33067661
731,2,3,1.6,3216712
1578,4,3,7.6,25640723
1062,3,2,4.8,13967457
1172,2,1,6.1,14805090
2453,6,4,3.2,22597410
2359,6,4,4.0,23914820
2046,5,4,6.1,32567369
940,2,1,7.6,16701943
1444,3,1,3.9,14962293
2439,5,4,4.0,25321978
1742,5,5,9.1,41340553
3158,7,4,4.3,31497625
1906,4,4,5.7,24643310
1775,4,3,5.8,25094201
1449,4,3,8.4,25342060
1737,5,3,8.7,38082452
1551,4,2,9.0,32248475
2110,5,4,6.9,38802439
2272,5,3,5.6,30843433
1139,1,1,7.6,20540201
785,2,2,7.2,11651852
456,1,1,4.9,5023806
1980,5,3,8.3,43340471
933,2,2,6.4,15252193
450,1,1,2.2,800000
1903,4,3,4.2,24660943
3270,7,5,6.4,53724355
1646,3,4,7.9,27112823
2195,7,5,6.8,36868153
1703,4,3,8.6,35791885
1586,3,2,4.0,19416573
2247,5,4,5.9,32037834
1461,3,3,7.8,28319937
1824,2,3,6.3,24466360
1859,5,3,4.6,22593324
1216,3,2,3.0,12243992
2295,6,5,2.4,15048169
1536,4,3,5.2,23546127
1159,1,1,7.1,20740725
1999,4,3,5.4,26071623
1066,3,2,9.5,25241011
1668,3,3,2.2,10188577
1644,2,2,5.8,21597353
2356,5,3,3.3,24790697
1959,4,2,2.4,18095567
1634,4,2,9.5,37530247
2182,5,4,8.5,42655335
2554,6,3,5.7,33251467
2013,5,3,7.6,37972623
1657,5,4,3.6,17933543
797,1,1,3.3,7391354
958,3,3,1.4,5152982
1452,4,2,7.1,27175654
1254,2,2,8.1,24058010
1528,2,1,4.3,16541200
1687,3,2,2.2,13428006
1994,4,3,7.5,31603687
1604,4,3,7.2,29363388
1966,4,3,7.0,33623579
1692,3,2,3.9,17301315
450,1,1,5.3,5414292
1039,3,2,9.1,21067834
1556,3,1,4.4,16481999
864,2,1,8.8,17214771
2040,4,3,5.9,28081491
2645,7,4,6.5,41922432
2442,5,4,6.8,38764913
1511,4,4,9.0,26552512
2619,6,3,6.2,36436972
1747,4,4,3.0,15197448
1431,5,3,1.2,7958647
1251,2,2,7.6,20960605
1453,3,2,3.9,15013766
1398,2,2,7.5,27710131
1761,5,4,2.9,13436344
1754,5,3,3.4,16955403
1652,5,3,6.9,23958998
1934,5,3,7.8,35594526
2424,5,4,4.6,25712291
2267,5,4,8.0,39963211
685,1,2,3.1,5201558
450,3,2,2.2,2171376
2257,5,3,6.7,39099356
762,1,1,5.1,10574499
1504,4,4,4.9,19049109
889,1,1,6.1,12910406
479,1,1,4.3,3347280
2002,4,2,3.7,21548421
2143,5,4,7.9,40465194
1275,3,2,7.0,18147526
450,1,2,6.5,5929159
1295,3,3,9.1,25603131
1905,5,3,4.2,20412203
689,2,2,7.6,11408409
1769,5,3,7.9,33842575
1640,3,1,6.2,26283634
2027,4,2,8.6,41445882
1728,3,3,4.2,16526361
1018,3,3,5.6,12326112
2428,5,4,7.9,50951483
1547,4,3,3.3,14885324
1632,4,4,5.8,19088666
1043,3,2,4.6,12561677
1362,3,3,7.2,26459544
1075,2,1,3.0,7986551
1538,3,1,8.5,30866369
2763,6,4,8.7,49246851
758,1,1,2.7,5243788
601,1,1,4.5,3191562
2606,5,3,3.8,24370827
1514,2,3,7.1,22280471
1215,2,2,7.9,24542586
2326,5,4,5.3,34802641
1256,2,2,9.5,32901210
2837,6,4,5.8,38477899
2091,6,4,6.1,32660321
1333,4,4,5.3,15663245
3052,7,4,8.9,60458528
1256,3,3,4.8,14159791
2132,6,3,7.8,41388632
1845,4,3,6.0,29896943
2496,5,4,3.9,24611694
2665,4,4,5.5,40181658
1671,5,3,3.7,17839030
1160,4,3,7.4,19480874
1949,4,4,8.2,36533793
1209,2,2,8.1,17757913
2959,6,4,8.3,48225180
1739,4,2,4.1,21979090
1413,4,3,5.9,21780362
1770,3,3,3.0,15957472
774,2,2,9.1,18874222
1018,2,2,4.4,6587988
2430,5,4,8.2,44943263
1223,3,2,1.8,8405064
970,2,2,5.2,11576555
1999,4,3,2.0,13758594
2421,5,5,8.6,44301918
2117,5,3,4.8,28652683
2297,5,4,7.1,41721304
1158,3,1,6.2,19469078
726,1,1,2.5,6007568
2626,6,5,4.3,30634351
1440,4,2,5.8,21840464
1487,3,2,1.3,8295151
2513,6,4,6.5,43678273
2012,6,4,1.5,14920879
1946,5,4,7.3,29542504
3057,7,6,6.5,43083348
1232,2,2,8.2,20669196
2253,3,3,1.3,12166629
1687,4,3,9.1,38545876
1825,4,3,1.0,9514295
2644,6,3,6.9,42863775
1980,4,4,1.6,9972560
2000,4,3,4.4,21869797
2347,4,3,1.8,14982119
1413,2,1,3.5,14679725
1105,3,2,6.4,20816831
971,4,3,6.8,17531399
450,1,1,4.4,5541642
2987,7,4,8.2,64493255
933,3,2,2.4,6342060
1506,3,3,2.4,13200839
1470,4,3,2.1,9853544
1850,4,2,5.5,26681145
2180,6,4,1.6,12853081
2209,5,3,5.6,30227582
1271,3,2,7.5,21398644
1541,3,4,5.1,18386078
1834,5,4,1.8,13449135
1488,5,4,7.2,30032066
2695,5,4,6.7,41128013
1969,4,2,5.0,25546622
2128,5,3,4.0,22044355
2081,5,3,7.1,32700095
2413,5,5,9.2,52515570
1768,2,1,4.9,21500868
807,3,2,3.4,5821472
1910,5,3,3.3,23574124
1227,1,1,5.8,14610088
1306,2,2,7.1,22051578
2031,6,4,2.5,16841782
2455,7,4,6.2,38023549
1664,4,3,6.0,27948207
1851,4,3,5.1,27070052
2756,6,4,6.0,35361110
1806,4,3,5.2,23662325
3341,7,4,3.0,41170539
2018,4,3,2.9,15674953
506,1,2,3.9,4920053
2140,6,4,8.0,43334286
1898,4,3,3.1,18878861
2488,7,5,5.8,29406506
2088,4,4,5.9,29990626
1560,3,3,9.7,42485268
854,1,2,8.0,15793371
1514,3,3,6.8,21837540
1097,1,1,5.0,12853020
1273,2,2,5.7,18485642
2033,3,2,6.1,30685822
2735,7,5,3.8,36256767
1907,5,4,5.3,26754323
873,1,1,7.8,13989742
1939,5,3,1.9,12401904
2428,7,5,3.6,20873727
1254,3,2,8.7,25177339
1563,3,2,7.0,27233540
1660,6,5,6.8,25522456
1140,1,1,6.6,17290917
2071,5,4,2.7,17653384
1571,4,4,6.9,27647558
1923,5,3,3.8,19924051
1073,3,2,6.5,15808102
1366,3,4,4.3,13501976
2120,4,3,9.1,51642045
1408,3,2,2.3,8878933
2773,5,3,3.5,29486380
1390,3,3,7.8,25518957
1796,4,3,5.2,24233666
2256,4,2,5.6,31336364
728,3,2,7.3,11007988
505,1,1,5.4,4726679
658,1,1,4.0,6189632
2471,5,3,4.3,28882935
1291,3,3,2.9,11732955
3313,6,5,7.7,62333109
1283,3,2,7.7,23330813
1770,3,2,4.2,15586887
2652,7,5,4.4,30353350
2954,7,4,8.5,60821439
2990,6,4,6.2,42898118
2435,5,3,8.2,44259376
2316,5,5,4.4,24900409
2035,5,4,6.5,39289171
2156,5,4,7.3,40480819
1292,3,3,9.1,28232969
1118,3,2,2.4,7278389
1648,3,2,9.7,33265288
1539,3,3,9.0,34779410
1355,1,1,6.2,21726187
2103,5,4,6.9,29923134
2271,5,5,4.4,31864560
1707,3,3,7.1,27230437
2610,7,6,3.1,28262683
908,2,2,5.9,11448514
1524,3,3,6.2,21054255
1184,3,2,7.9,21507016
450,1,2,4.9,5097207
1596,4,3,2.8,13541583
1571,3,3,9.1,38853022
2634,6,5,6.7,42010087
2060,4,3,5.2,25847847
984,3,2,6.2,15621751
2855,5,4,8.5,49677819
2444,5,3,5.5,35725708
2028,6,4,5.0,26488335
1503,3,1,6.3,24075428
1026,2,3,6.3,14531482
1408,3,2,6.1,19454823
2358,4,3,8.9,41246447
2875,5,3,7.5,52224646
2653,6,4,4.7,35860495
1332,3,3,3.2,14945594
922,2,2,4.2,7670420
1742,4,3,7.8,32285860
501,1,1,5.1,5485762
1860,5,4,4.6,24501634
1554,3,2,7.7,27928795
1347,3,2,8.4,21878004
613,1,1,1.2,1060462
1984,5,4,2.8,16655036
1304,4,4,7.3,23877000
890,1,1,4.3,10589526
450,1,1,5.4,5122818
1632,4,3,4.4,19046303
2802,5,5,7.7,53499858
2730,6,6,7.8,51618987
1353,2,3,5.6,19444280
1259,1,1,6.6,20262134
1955,5,2,4.9,20355255
1001,2,1,3.6,9005000
1846,4,3,6.7,29791345
2148,5,3,3.4,17893228
2448,5,5,6.4,31487604
1585,3,3,8.2,25492589
1518,2,2,3.6,15351221
1079,4,2,5.6,18208020
1113,1,1,7.5,19683170
1503,3,3,7.8,28996030
1889,3,3,7.4,35822943
2244,5,4,8.3,46667009
1128,2,1,5.1,12752398
2620,5,4,6.3,36674788
1474,4,3,2.3,12279470
1636,4,2,4.8,20609163
1164,3,2,7.0,18736168
450,1,2,3.9,5012357
2225,4,3,8.9,43967110
2129,5,5,7.2,44997761
1467,3,3,9.7,36041199
1694,4,3,5.1,22129898
1985,4,3,8.1,41753325
634,2,2,7.4,11495584
1306,2,1,4.9,16380114
2166,6,4,4.2,29991793
835,2,2,5.8,10333849
1841,5,4,3.3,15236783
768,1,2,6.4,11977575
1953,5,5,7.1,39200543
1627,3,2,6.9,28426287
600,2,3,6.1,9372882
2407,5,3,4.6,29374348
1173,3,2,6.0,18162285
1123,3,1,3.1,10122607
1780,3,2,7.1,28987164
2397,5,3,4.6,28820481
990,3,3,7.7,16500932
1690,5,4,5.6,28019851
1929,4,2,4.9,23908960
2101,5,3,3.2,21793498
1765,4,3,9.1,36373421
1411,5,2,8.2,30319389
1112,1,1,7.6,21496361
1706,4,2,7.8,29706347
953,1,2,6.1,13732756
450,1,1,4.9,4413795
1934,5,4,5.6,30425312
2238,5,3,5.0,22781790
450,1,2,6.4,5823330
994,2,3,4.2,12612204
2052,7,3,7.4,32020601
2987,6,4,4.2,35797754
1664,4,3,3.9,19324295
1177,2,2,5.2,15828103
1531,4,3,9.4,40602764
2544,5,3,4.2,28858595
1230,2,1,9.0,26429436
1131,4,3,1.5,7107591
1336,4,4,2.4,11278624
1030,2,1,9.1,22572716
1730,2,3,6.9,24921285
2706,6,4,9.0,64078086
1860,6,4,8.0,35629109
1486,3,3,7.1,21909692
1460,4,4,4.0,16031868
634,3,3,8.9,15110934
2224,5,3,7.0,41307163
1599,3,2,4.2,15177118
1533,1,2,4.0,17195527
3726,7,5,2.2,26759512
1844,3,2,8.1,36987274
1161,3,3,2.2,11007293
1373,2,1,8.9,27620865
2396,5,5,7.6,40636206
1724,4,4,8.0,30676130
715,2,2,6.5,11613922
2247,4,4,3.0,23780657
1216,4,3,5.8,17177189
2868,6,5,3.3,28526112
2352,4,4,5.7,34468273
1359,3,3,1.0,6287245
2483,6,4,2.7,17564790
1694,4,2,2.1,12049224
2204,6,4,7.4,46978895
1965,4,4,7.5,35309307
1100,2,2,9.1,22188869
1232,2,2,6.1,17889011
2319,6,4,4.8,29842815
1432,3,1,3.8,16633412
1388,3,2,5.0,19181682
1029,1,1,4.4,10171177
1925,5,3,2.4,18645056
2991,6,5,7.2,55865881
956,2,3,4.8,11179424
1666,4,3,9.1,35249165
2568,5,3,7.9,45913758
1598,2,2,2.6,13795204
1944,3,2,6.9,26894622
959,3,2,7.6,18218629
1928,4,3,8.3,38243043
1528,6,5,7.2,27019194
2291,4,3,7.4,37282298
2422,5,4,5.0,25768766
3333,7,5,3.6,42065715
2027,5,2,8.3,38694813
1862,4,3,5.3,27901063
1776,4,3,9.0,37959141
1420,2,1,9.0,28491857
1870,3,2,1.8,12390219
1458,2,2,6.6,24434599
1759,2,2,4.4,21355129
2506,5,2,2.8,23306145
996,2,2,4.8,11140511
2391,5,3,3.8,29254038
2506,7,5,3.8,30063001
1573,4,3,3.8,15768586
450,1,2,9.8,11941546
1255,1,2,9.1,24928135
2493,5,3,7.1,41565256
1635,3,2,7.2,29693308
1000,2,2,4.9,12105123
1322,2,2,8.2,28849736
2196,4,3,6.3,29367457
2005,4,3,5.7,23985620
1495,3,2,7.0,27992765
1412,3,2,8.5,27180959
1395,3,3,5.2,18616912
1050,2,2,4.3,11070536
2700,7,5,1.0,12497712
1440,2,2,2.7,9524098
2441,4,3,7.2,45392096
2639,6,3,4.0,29332159
2299,4,3,6.7,37568298
1369,3,2,7.4,21833882
1912,2,3,7.2,38174505
1634,5,3,2.7,13757055
1063,3,3,4.3,15541389
1861,3,3,9.2,39507722
884,1,2,8.8,21392206
2422,7,5,8.9,48800269
1348,2,1,7.8,21614522
1781,3,1,8.4,32719727
1834,2,2,2.5,14269962
1482,3,3,3.7,12539661
2031,4,3,6.2,32236510
1341,4,2,4.7,19997294
2216,4,1,5.4,30645815
775,1,1,5.4,9216378
1732,4,3,8.5,34306408
2910,7,6,4.8,35604743
1000,1,2,4.6,11998327
1209,4,3,9.2,29556251
1984,4,3,3.1,22745873
1767,5,3,5.6,25094489
1878,4,4,8.0,33610936
1968,2,2,3.2,18845309
2063,4,2,6.0,34128428
2371,6,4,2.8,19359021
1916,4,2,7.5,32544342
1493,3,2,7.7,18035202
2087,4,3,3.8,18621306
2885,4,3,4.7,35958755
1564,5,4,7.6,26661918
1017,2,3,4.8,12063160
2370,6,4,3.1,19668625
1572,3,4,7.6,31672575
450,2,1,6.0,6475196
2201,5,4,5.0,25107097
1302,3,2,7.0,19619033
1591,3,2,6.8,24095652
1866,5,4,5.8,26653973
1774,2,2,7.4,31395421
2111,5,3,5.9,29839011
1367,2,1,6.3,21504083
1984,5,5,5.8,32568291
1481,3,2,5.9,22539251
2130,5,4,5.3,31609093
2050,5,2,7.2,37277049
1042,1,1,5.5,12529715
2356,5,4,2.4,21433088
1302,3,3,1.9,8256043
2175,5,2,3.4,23010109
1889,5,4,2.5,15321534
2845,7,4,8.9,58503067
1505,3,3,6.7,22232782
1423,3,2,4.8,18318120
1637,4,2,9.0,34627621
1453,1,1,7.8,24895308
2170,6,3,3.9,25424512
599,2,1,2.3,1684090
965,3,2,5.0,11181184
956,1,1,5.2,12812310
2268,6,5,6.3,38984223
2762,7,4,7.7,50612790
1582,2,2,6.8,28381798
1540,4,4,9.8,31791830
1696,4,3,7.6,29247498
2405,4,2,6.6,36890986
1047,3,3,5.5,13320242
1805,5,4,8.5,38368064
2284,5,3,6.7,36638357
1976,5,3,4.2,19383716
1773,3,1,5.6,25003424
2301,4,3,6.9,36740980
450,1,1,4.4,5761006
2091,5,3,4.4,29945227
1225,2,1,6.3,18366260
460,2,1,6.4,7003340
1982,5,4,6.9,40241333
2543,6,5,8.2,48275689
1561,3,2,5.5,19724304
2269,6,4,5.8,33360835
2698,6,5,6.9,43759086
2505,7,6,3.8,27456579
2716,5,3,2.8,25509755
2132,6,4,5.3,28645777
1699,4,3,4.9,23894194
609,1,1,4.9,4449880
1490,4,1,5.2,21239871
1102,3,3,6.3,14095467
3061,7,6,6.3,52949667
1536,4,3,4.3,17257486
1730,4,2,3.1,15217708
2008,4,3,2.0,13994319
1678,5,5,2.5,14664804
2752,6,5,4.4,38431592
1245,3,3,3.9,14006809
1776,2,2,5.2,18523904
1167,3,2,2.8,10578594
792,1,1,4.0,7463727
1252,4,3,2.8,14139625
1626,4,3,2.7,14906625
1371,3,3,6.7,24430743
1200,3,3,7.3,21390813
736,1,1,2.8,5514319
1596,5,4,4.4,17511661
672,3,3,6.3,9470617
2144,5,4,8.7,54304395
1704,5,3,4.9,17418498
703,1,3,2.9,6094052
1449,3,2,7.9,24220841
1161,3,2,2.5,9212452
1857,4,3,5.2,23358770
2521,5,5,8.8,59260227
450,1,1,2.4,2217621
1725,4,3,5.0,23278043
1546,3,3,4.9,21059992
2086,5,4,9.6,47949931
1789,5,3,6.9,29079976
1161,3,3,7.6,23377095
1443,4,3,7.5,26798289
1133,2,3,8.1,23606666
2349,6,5,5.2,34219924
1664,3,3,7.9,31318826
2886,6,4,4.1,31827368
1611,3,3,1.9,12239180
1190,2,2,9.4,27519640
666,1,1,8.4,12996743
478,1,1,8.8,8513918
620,2,3,7.0,9389592
1824,4,4,9.5,43550491
1981,3,1,6.5,34648085
622,2,2,9.6,15647069
2232,4,3,7.2,39419609
1336,3,2,8.2,26347371
1745,4,3,5.7,25871541
2698,6,5,7.8,56858332
2233,6,4,3.9,23028292
1475,4,2,7.9,23552647
1071,2,1,7.0,17926058
450,3,3,8.5,9728752
1183,3,1,8.1,20087822
1513,3,3,6.1,24808278
1008,3,3,7.4,14602521
1565,4,4,5.8,25153179
1700,4,3,4.7,21553652
1504,5,2,5.3,18411602
1227,3,3,3.6,14304082
1760,4,4,5.8,25129503
1937,4,4,7.3,36764590
941,3,2,2.5,6929511
2567,4,3,8.0,51915022
1586,2,1,4.4,18511873
1662,3,2,7.0,28869746
2110,3,3,5.8,35110622
1802,4,2,6.7,30696734
2270,5,3,1.4,17519170
1837,3,2,5.3,29722873
1252,2,1,6.6,19891563
1885,4,3,7.4,33118614
907,3,3,6.4,13033317
1721,2,2,7.5,32960272
1628,4,2,1.3,10716490
1515,4,4,4.6,17003242
1566,4,4,8.8,37339675
450,2,1,5.9,7026087
1293,5,3,4.4,13701510
1710,4,3,5.9,24233455
1754,4,4,5.2,21831265
982,2,1,7.1,14707099
2473,5,3,7.8,43025218
1087,4,3,6.0,17460427
2280,4,4,6.3,35244006
1928,4,3,4.3,20205292
1230,4,3,5.3,15285660
2804,7,5,6.6,53218064
874,2,2,2.9,4667222
2247,6,4,5.3,26620573
2300,5,4,7.5,41170996
1214,4,2,9.1,24939120
2555,6,5,8.0,50094312
1487,4,3,8.1,26530286
1838,6,4,1.8,14841658
1819,5,4,7.9,35134541
1563,4,3,6.7,25740669
2177,5,4,4.4,25449630
2166,5,4,6.0,33075223
513,3,2,6.5,8337599
2498,6,5,4.3,29128407
569,1,1,8.5,10991864
2321,4,3,7.0,37821573
2382,6,4,5.6,37086679
941,3,2,7.8,12835300
1383,3,3,5.4,19173450
931,3,2,6.0,14394335
1510,2,2,2.5,12534831
1450,3,4,8.0,31051758
2157,5,4,1.3,14117394
2502,7,4,8.1,43166825
2557,5,4,4.2,29065583
1285,2,2,5.5,20753870
1514,3,3,1.2,7415990
556,1,1,3.5,4518038
1126,4,4,7.6,21159363
2277,6,4,4.2,24715686
2700,6,4,6.1,39102410
848,3,3,5.7,11407889
1265,3,3,7.6,21921060
1633,4,3,8.1,32024120
1832,4,3,8.2,35922840
1124,2,2,3.6,12622042
1926,3,2,7.5,38013749
1342,3,2,9.1,33109671
1641,4,2,3.3,13471233
2005,5,3,4.5,25547041
1654,4,2,5.3,20675503
1366,3,2,5.5,21639290
1579,3,2,4.0,17709781
1593,4,3,5.5,21648829
1409,4,3,5.2,23840942
1482,2,1,3.2,13690121
2689,6,5,7.5,54708368
2015,5,4,2.9,17435678
1458,3,3,5.6,22434350
2103,4,4,4.5,25767105
1433,3,2,6.0,21810421
2413,4,4,4.3,27512659
1890,4,2,5.7,26652694
1580,3,3,7.1,25205534
1941,5,3,6.0,28701829
629,3,2,3.2,7796404
918,1,1,2.6,7207890
874,2,2,4.8,9545719
1743,3,3,8.5,35419168
2776,7,5,4.5,31975646
3100,6,4,2.7,30297758
2065,5,3,6.3,34101634
1976,4,4,6.5,29673775
479,1,1,7.3,6636917
1297,2,2,6.7,16051324
1138,3,3,1.8,8290957
1246,2,1,4.8,15750444
1541,4,4,1.7,12233406
1343,3,4,5.2,18050871
450,1,1,5.4,5644456
2136,5,4,6.2,35894587
953,2,3,5.7,13154442
1806,4,3,7.5,30012482
2998,7,5,8.5,53016885
1052,2,1,7.0,21235740
450,2,2,6.1,6209667
1464,4,3,6.0,25242438
2366,5,4,6.5,35891662
2923,5,4,5.4,44326249
851,2,1,6.8,15366099
1973,4,3,5.0,25865811
1348,4,4,8.1,24648960
1581,4,3,5.0,18430403
3369,7,5,5.2,46086886
673,1,1,5.4,6514900
1815,5,3,2.6,16344290
1954,4,4,2.7,18190476
2356,5,3,2.6,17541359
1714,5,3,6.6,26438817
1850,4,3,2.1,14586011
1395,3,1,7.7,23381391
1825,4,3,6.0,26233306
1427,4,2,6.4,23430965
2054,5,4,6.7,27127432
1410,3,2,6.6,22934231
1895,4,4,7.3,33455254
1631,3,3,6.2,26688140
2382,4,4,7.3,44375916
1617,4,3,1.6,8619115
498,3,2,7.9,9127158
2470,5,3,2.4,22836355
1061,2,2,6.2,16744011
1225,2,1,6.2,15971070
1263,3,3,6.2,20850307
2543,6,6,6.1,41939396
450,1,2,4.1,3857850
3690,7,3,7.1,52777911
2336,5,3,5.6,39404247
1795,3,2,1.8,11403291
1614,4,3,7.1,23930454
1836,5,3,7.5,29759377
1989,3,3,3.8,21501861
2069,3,2,6.1,33058902
2011,6,4,5.0,23334988
1708,3,3,6.7,27112004
1522,4,2,7.2,29120368
1552,3,3,4.6,21659380
1523,3,1,7.0,25687594
2387,6,5,1.7,17666265
2036,4,2,3.8,24232649
450,1,1,2.9,2358642
2076,4,3,5.9,30819585
1777,3,2,7.0,31771087
1638,4,3,5.7,21829571
1397,3,3,8.6,27823936
2381,5,4,3.5,25307103
2266,4,4,7.0,45296940
1148,4,3,5.5,13031061
1915,5,3,5.1,28843634
1018,3,4,9.9,25957297
753,1,2,4.0,5505497
1243,1,1,6.8,17912378
2211,6,4,2.4,18291586
2270,5,3,5.6,34485939
1984,4,3,5.1,24705019
2121,5,3,1.5,12459956
1986,5,3,6.7,35509950
1233,3,4,5.0,13967136
1931,5,4,4.4,24460894
2170,6,2,2.7,18650981
2140,4,4,5.1,31803626
2423,5,4,6.5,45059604
2110,5,3,8.2,36295909
1878,2,2,3.1,14212612
2346,5,3,5.9,37152961
1633,2,1,5.7,24302475
1077,2,3,5.7,14215571
1544,3,2,5.1,24567797
1166,2,1,3.8,7795006
1211,2,2,6.5,19917058
1556,3,2,1.5,9460523
1135,4,4,5.2,15740406
1450,5,4,2.3,11471960
450,1,1,6.8,6145865
1789,5,4,6.9,29312627
1651,3,2,7.2,32694637
1119,3,2,4.4,14162876
2079,5,4,2.3,18760384
2259,4,3,1.0,11568683
605,2,2,2.1,5154318
1154,3,3,9.4,22912843
1150,2,1,8.4,23200149
1039,1,1,7.2,14994822
2189,4,3,1.4,13654119
1524,2,2,5.5,20598324
1478,3,3,6.7,23021825
450,1,1,3.5,3398979
2063,4,4,5.9,30219603
844,3,2,8.2,15583593
1689,5,4,9.0,34996716
1830,4,3,9.0,37069985
2534,6,4,3.7,26449581
799,3,2,4.2,9654630
450,1,1,6.8,7492648
1770,4,3,7.2,27434452
2820,5,4,6.9,43027727
2455,6,4,3.2,21265302
1786,5,4,4.1,22519038
1330,2,1,7.3,20846420
2175,5,3,5.5,33460205
1017,2,3,7.6,18891014
1960,4,3,8.0,38655382
1979,2,2,2.5,15458816
2339,5,4,3.2,20279147
3444,7,5,3.6,34907086
1905,4,2,5.7,31330235
1319,3,2,4.0,14289414
1633,3,4,2.2,10805370
500,1,1,6.9,9012758
1198,2,2,6.7,18909148
1384,2,1,8.0,25911304
1309,4,3,2.0,11624980
1749,5,3,9.0,39596573
1115,2,2,3.0,9116766
2379,6,4,7.0,37588621
1650,4,4,9.3,38269693
1644,4,2,5.1,20582925
1437,2,2,8.9,30114428
1751,5,3,4.0,18865135
2186,4,3,5.6,31538991
1086,2,1,6.5,15641931
1222,5,4,8.5,25711754
1453,3,3,2.0,9494965
775,1,1,3.8,6022170
1117,1,1,1.7,7007613
1340,4,3,5.6,17152133
2218,4,5,3.4,20280973
1821,3,2,3.9,17450034
1776,4,4,7.4,32808898
2203,6,3,4.8,27387384
1561,4,2,1.4,8029113
1904,4,3,3.2,19557630
1583,4,2,5.8,20078376
1822,4,3,8.1,34747325
1271,3,2,7.7,23619629
450,1,1,6.6,6956174
1563,4,4,8.7,35330843
2575,6,5,6.7,42950318
2252,5,4,4.0,21088746
2278,5,4,7.4,40912426
2453,6,4,6.4,37513262
1708,4,3,4.8,21861313
1778,3,2,4.0,18270336
1249,2,2,9.0,25846278
1445,3,2,4.3,14600814
2050,5,3,1.0,11033305
2433,5,4,7.5,48526876
1559,2,3,4.8,18075037
1357,3,3,4.9,17129595
1650,4,4,4.2,19886254
2041,5,3,6.1,29231615
711,2,1,7.3,13632880
450,2,2,8.5,8514587
1292,2,2,6.4,20635518
857,1,1,8.2,15442383
1320,2,2,4.0,15039047
1554,4,4,1.0,7700871
1355,4,2,9.5,34362692
2594,6,4,5.1,40213918
1862,4,2,7.5,28630140
1845,5,4,2.4,13151092
2054,5,3,6.2,33176081
910,2,1,3.4,7972081
2325,4,3,5.8,35720173
1601,4,3,6.0,25357958
2086,4,2,7.6,32648640
953,1,1,5.3,11524960
640,1,2,4.1,6597384
2182,4,3,4.7,27146465
1895,4,4,9.1,41604439
1064,1,2,6.7,16333245
1085,3,3,2.2,7875654
2382,6,4,4.7,33101053
877,1,1,5.9,14007637
2718,7,5,7.8,50599574
1065,2,2,8.9,18797993
2065,5,2,7.5,39253082
1436,3,3,3.8,15555940
2042,5,3,3.5,19501835
1296,3,2,6.9,23395027
1544,4,3,5.6,20428466
1677,3,2,4.0,16907677
999,3,1,3.5,10966042
2132,6,4,6.8,36508065
1316,3,3,4.2,13502734
1501,5,3,6.5,23055538
1004,2,3,6.1,15782016
450,2,1,8.1,6908252
1526,3,4,9.3,37640884
3218,7,5,2.5,24535172
2160,5,4,3.9,22303737
1637,3,1,8.8,34242833
1479,4,3,7.6,28196800
1665,3,3,3.4,15643499
2006,3,2,9.0,47424713
882,2,1,2.3,6914621
2374,6,4,2.0,18022223
2115,6,5,4.5,25174955
2117,5,4,8.4,41205657
1935,5,5,5.7,28583013
1663,3,2,6.5,23790070
2087,4,3,1.5,13031806
2035,4,4,9.2,43656770
1420,3,1,5.3,20265464
1277,3,2,7.5,21178733
1716,4,4,4.9,27620508
2657,6,3,6.0,39440707
845,2,1,4.8,10985596
696,2,3,2.4,3693754
1757,3,1,3.9,18061884
1683,4,3,7.5,29273508
1763,4,3,3.1,15398992
1809,4,1,7.6,32751341
1505,3,2,8.0,30647430
2618,6,5,1.5,17125254
609,1,1,4.3,6329386
1111,3,3,7.6,20262984
1583,3,2,5.1,22898162
582,1,2,8.8,12681229
1536,6,4,4.8,18205302
2730,5,3,1.1,17905923
1664,3,1,7.2,26183766
1800,5,3,3.8,17911903
831,1,2,6.0,11787923
1249,3,1,8.0,19864994
1406,5,4,8.9,28829222
1443,2,2,1.2,6481025
2483,4,3,6.3,35600483
2012,3,3,5.5,22970449
928,3,2,3.3,9617488
1810,5,4,5.4,27156433
1974,4,3,3.6,20491766
2391,6,4,3.3,24250871
2677,7,6,3.8,29803538
990,4,2,9.3,27093948
1123,2,3,5.8,17262890
833,1,2,5.0,12821532
1498,3,2,7.5,29751480
1953,4,4,3.0,18203859
2292,5,2,9.7,50519209
1601,3,2,3.5,14798819
1442,4,2,7.5,24861775
1749,5,4,8.7,39822878
1107,2,1,6.4,17611352
3008,7,5,1.4,17063309
605,2,2,3.9,6960082
1770,4,3,7.6,29479834
2965,7,5,1.6,16585736
1654,4,3,1.1,7390388
1526,5,3,7.9,25387605
1418,2,4,6.8,24551241
1533,3,2,1.7,9500358
2542,6,3,4.0,31117682
450,1,1,4.8,5276798
2647,7,4,6.4,38714730
724,2,2,3.2,4433176
1477,2,2,7.1,26399794
1371,4,3,6.6,18011108
2033,5,3,4.9,21517896
611,1,1,4.5,6045440
1950,4,3,4.1,22390687
2966,5,4,7.3,50660143
764,1,2,3.4,7292706
1773,3,3,4.4,20414075
1220,3,3,4.9,16899088
1927,4,3,6.7,27836840
1662,3,3,5.6,26902609
1233,3,3,7.5,19286390
1967,3,3,4.7,23606121
2823,7,6,9.4,57606846
1526,3,2,6.0,23491089
2118,4,2,4.4,23188183
809,2,1,2.6,4052433
1028,3,3,4.8,13311953
1957,5,2,6.5,33214166
2615,6,5,8.3,48700358
1881,4,3,5.3,27218677
1447,3,3,5.9,17956563
1650,4,3,4.5,12158654
837,2,2,8.9,19455507
2043,4,4,7.2,34099322
2224,3,3,6.9,33238716
1356,3,2,4.1,13254254
1344,3,3,7.6,27802459
1823,4,3,3.9,20060118
1366,2,2,7.4,19918159
1607,5,3,5.2,22918711
3015,7,6,4.3,41301872
1489,3,1,3.6,14243476
1417,2,2,6.5,20790756
1229,2,2,6.3,19445219
2134,6,5,6.3,30085769
1532,4,4,3.0,11795000
1228,2,3,3.7,12830948
2509,6,4,6.6,44745407
2573,5,5,8.4,43663528
1260,4,3,5.4,18631691
450,2,2,2.7,800000
2305,5,5,3.7,30221079
1205,2,3,6.6,20244631
2164,3,2,9.8,55082791
450,1,1,2.7,800000
2230,4,2,3.3,18818307
863,2,2,4.0,8556143
2125,4,2,7.9,39051038
1659,3,2,6.9,26541241
1030,2,1,7.4,20702352
1385,3,2,7.2,27350476
2096,5,4,3.6,22418821
1719,2,2,8.3,34205844
2030,4,3,4.8,27328089
2935,5,4,6.4,37907789
633,2,2,5.4,5652581
2701,7,4,7.0,49661535
1718,3,3,2.5,12928284
1066,2,3,9.5,22097650
785,1,1,4.5,8536700
1527,2,2,8.2,30790859
2249,5,3,7.0,37071531
1567,3,2,5.3,21554059
2632,7,5,2.2,25069291
707,1,1,5.7,9636497
1642,3,1,1.9,10235602
836,1,1,4.4,7096619
1886,3,3,8.6,44368493
2226,4,4,1.9,16469646
1377,4,2,3.2,13693947
450,1,2,8.6,9074314
1779,4,2,3.1,16631491
1934,4,4,3.9,22152847
1913,3,3,2.4,14645637
2453,5,4,7.3,42894448
954,3,1,4.8,11607932
2092,4,3,4.5,22726659
2425,6,4,4.8,32485279
494,1,2,6.4,6465267
1858,4,4,8.7,44738454
1322,3,2,3.8,10876431
1597,3,2,7.1,28239410
1876,4,4,3.6,19687761
1333,3,2,7.3,24782239
1211,3,2,1.5,4781386
1672,2,1,4.1,16046442
943,1,1,6.5,15913745
944,3,2,5.2,13876022
2092,5,4,9.7,47336934
903,1,1,5.7,12681475
2083,4,3,4.5,25177947
1951,5,4,7.7,33022718
528,2,1,5.8,8191169
1210,1,1,4.2,11752376
2426,5,3,5.0,28492839
1012,2,2,7.1,16548646
1348,4,2,6.5,23866162
1950,6,4,2.5,18468770
2159,5,2,5.6,33198198
1486,2,2,3.9,15047901
1262,3,3,4.8,16448147
2575,7,4,5.1,30059169
2780,6,4,1.7,20351817
2286,4,4,7.9,47029219
1705,5,4,7.8,33368796
1125,3,2,8.0,23590922
1110,2,2,2.9,7826920
1990,5,3,4.1,21573647
1922,5,5,3.5,24997605
2561,7,6,3.6,31550646
2073,5,4,5.2,28042310
673,1,1,5.3,7586721
2334,6,4,8.5,53408466
1001,1,2,2.5,7340940
1400,3,2,7.6,26788876
1813,3,3,6.8,28910354
2947,7,5,8.7,65695884
3671,7,4,6.6,60053453
2044,6,4,4.5,19889812
1531,4,2,1.6,9108673
1997,3,2,3.1,18826469
2227,6,4,3.5,26174131
1442,4,4,3.6,15848405
2817,7,6,4.3,30718277
1800,3,1,6.7,23206995
1974,4,2,7.3,38081921
2083,5,3,5.6,29186959
1924,4,2,2.5,16249388
2195,6,4,7.8,44603272
1249,3,3,6.9,22737832
1287,1,2,2.4,7832796
935,2,2,6.2,15374042
1936,4,3,6.3,30123013
2156,5,2,8.0,49503929
1948,4,3,9.0,40724113
2738,7,5,6.3,46596246
1646,5,4,8.4,34644325
2085,5,3,1.2,12270752
940,2,1,5.9,12547255
1398,3,1,8.9,31012765
2102,5,2,8.1,40313727
2202,4,2,6.3,41110233
1459,4,2,9.8,39859770
1603,4,3,1.7,10412484
663,3,2,2.5,5323184
1418,4,3,4.9,19243610
2229,4,2,6.9,42096751
2024,5,1,5.0,29749744
1975,4,4,7.0,34188430
1682,4,2,3.0,15181509
1655,3,2,3.4,15260208
1221,2,1,6.7,20164861
2104,5,4,7.6,37364440
1924,2,2,4.0,22127769
1970,3,2,5.7,28499899
1308,3,2,8.2,25823878
450,1,2,2.4,1777414
2363,5,4,4.1,30208825
1339,2,2,9.1,28964332
1089,2,1,9.3,28103856
2101,5,2,7.8,41589229
1395,4,3,5.6,20384360
2339,5,4,5.3,28137487
2051,5,4,8.9,44674361
2094,5,2,4.6,22264535
762,1,1,4.1,7525951
2438,5,3,5.6,32489233
1820,3,2,6.9,29287828
1410,3,2,6.8,26826657
1743,5,4,4.8,21228557
495,2,2,6.1,7756304
1916,5,3,5.8,23737950
981,2,2,2.0,5642614
771,3,3,9.2,17598951
660,1,1,4.7,7875443
2373,6,5,8.3,43636661
1241,3,3,7.5,18741265
2647,6,5,5.7,33132480
1302,4,1,7.2,23901032
540,1,2,5.4,6450854
924,2,2,6.3,12802955
2453,6,6,4.2,28516637
1549,3,3,4.6,20358375
1294,2,3,5.8,18595525
1754,6,5,6.2,28291975
1976,4,4,5.6,27199269
2376,5,5,2.4,20567900
2592,7,5,8.0,49228691
1416,3,1,5.0,18338761
788,1,1,4.9,7838166
1381,3,3,7.2,20277212
1819,3,2,6.7,24845821
1024,2,1,7.5,17306752
1028,2,1,6.7,18010706
1873,4,2,5.2,23450310
1618,2,2,5.3,21670937
1671,5,5,5.0,23551147
1157,3,3,5.5,15870294
1500,4,4,4.2,18650381
1049,2,2,5.4,15477025
2229,4,2,6.7,34402313
2323,5,3,4.1,25374600
450,1,1,8.4,7622462
1046,1,1,9.0,20781323
677,3,2,3.3,6955429
1227,2,2,5.4,14203635
1596,2,2,5.7,24167677
708,3,2,5.8,8228193
1051,2,1,4.7,10833158
997,2,1,7.8,16316851
1785,3,2,8.3,29886950
1695,5,4,6.9,24478600
1181,2,1,3.7,11992237
1765,4,3,8.2,33549897
1295,4,3,5.0,17109136
1473,4,3,9.1,32108587
2738,6,5,4.3,33645723
2521,4,3,5.4,35342513
805,1,1,7.8,14716437
2189,5,4,3.4,22973352
2177,4,3,6.8,37413736
904,2,2,8.1,16285478
2182,5,3,4.2,30195982
2650,7,5,4.1,31957120
920,1,1,8.6,17815835
1054,4,3,5.1,14049565
2311,6,4,3.4,22208414
1826,4,3,5.3,23727621
2008,5,4,3.4,21699263
1871,6,4,6.4,28039339
1904,3,2,6.7,30408749
788,2,3,2.2,6024998
2331,3,2,3.3,24038411
2410,6,4,3.4,24492718
1501,4,2,7.3,26249967
1622,4,3,5.0,23664687
655,1,1,7.4,11416739
1984,3,2,7.2,37379836
2022,5,3,1.0,12094943
1610,5,4,8.6,35346286
2381,5,3,2.8,22347088
1433,4,3,6.8,21096841
2017,3,3,7.8,36467841
987,3,3,1.6,6636386
1635,3,2,8.6,32487114
1537,3,2,5.2,22870687
1796,3,4,6.9,30582820
1410,3,2,7.7,25141467
1565,4,3,2.4,13522722
2187,4,3,8.0,39275527
1366,3,2,8.1,24045621
606,1,1,5.8,7190205
2787,5,3,1.2,13752015
2548,7,4,4.2,28401374
810,1,1,6.8,13411460
2098,4,3,8.5,37395587
1323,2,2,5.3,13861500
1821,5,3,2.6,12535514
1841,5,4,7.5,26562776
1498,3,3,7.1,28965635
1141,3,2,8.7,21050079
1201,3,2,7.7,19667209
1054,3,2,5.0,10228913
1109,2,2,3.5,14015138
1606,3,2,2.1,13470492
1185,3,2,7.3,20741184
2093,4,2,5.5,32005373
2617,7,4,7.7,52167707
1273,2,2,6.9,19816400
1806,5,3,4.8,22061943
1975,4,4,9.2,42840000
1957,5,3,7.7,34514080
1699,4,3,7.0,29822696
2133,4,2,6.7,32126744
1963,5,4,9.2,48453183
846,1,1,6.8,12001133
2215,4,3,4.7,26251869
2227,4,4,4.7,27500331
1154,2,2,7.5,18173622
1675,4,2,7.6,28755482
2094,5,3,7.9,40448520
1514,4,3,2.8,14179359
2347,5,5,1.9,17584552
3187,7,5,4.5,37733458
1139,3,3,3.4,11410885
752,2,2,8.3,14266052
1847,5,5,3.8,22624759
2119,5,2,5.0,26366358
1500,3,3,7.8,29851390
2595,5,4,5.4,34476011
780,1,1,3.1,5526483
2100,4,2,1.0,11360556
1256,3,2,6.6,18626811
2768,6,4,7.4,53296819
2945,7,4,7.6,57652407
1152,3,3,8.7,23418605
1293,3,3,7.6,26612675
2209,5,4,8.7,41652808
1398,3,2,3.8,13679249
1620,3,2,9.2,37266829
1667,2,3,6.9,33726925
450,1,2,7.1,7661029
1641,4,3,6.4,29101156
1202,2,2,3.8,12762722
1329,3,2,3.7,17006655
2588,6,5,5.5,36559649
833,2,2,6.8,16013341
2179,4,3,7.1,39393912
1469,4,2,8.6,25627496
1468,4,3,6.0,19907670
2164,4,3,8.7,42049433
1871,3,2,4.4,25350134
2021,5,3,5.5,27118853
2279,5,3,9.5,43527506
1435,1,1,2.6,10954587
1252,2,2,4.1,15411248
945,2,2,8.6,19833214
1113,2,1,6.6,17806513
3567,7,4,7.9,67715173
2459,5,4,4.6,26335610
772,3,2,2.6,5064154
790,2,1,4.9,10007080
1963,5,4,8.8,41411317
2006,6,4,9.1,49768292
2007,6,3,4.6,27681887
1484,4,3,8.5,28174044
1568,2,1,7.2,29796903
1863,5,4,6.0,32132845
1706,5,4,5.2,23231292
450,1,1,5.4,800000
1501,5,3,1.3,10182326
1097,3,2,4.7,13922061
1764,4,4,5.7,26236205
3590,7,4,2.6,32441011
1889,4,4,5.0,24278527
1446,1,1,4.1,16583844
2249,5,4,4.4,28218832
1964,5,3,8.7,39829209
1923,4,2,8.7,44280789
2044,4,3,5.8,35227433
2987,6,3,4.8,43393369
915,3,2,7.7,15235030
1958,6,4,5.7,32027575
1048,2,3,5.0,13979244
2011,5,3,6.8,28647944
1053,2,2,1.3,4447940
1379,4,3,4.9,18507844
1458,4,2,6.5,25167651
2284,6,5,2.7,18044425
2247,5,3,4.7,29058517
840,4,1,7.0,15274921
1686,3,3,7.6,31051327
1189,1,1,6.3,19289598
832,2,1,4.9,6904705
1509,2,2,3.9,13714381
1449,2,2,5.7,16855097
3227,6,5,6.6,51536102
1931,4,4,5.6,27936206
755,1,1,1.4,2969186
1283,3,3,5.1,18792524
2314,5,3,2.7,23111786
3007,7,6,1.0,17588133
619,2,1,3.8,5023728
450,1,2,6.7,4509903
2866,6,5,3.0,31287784
1903,5,4,6.1,28354025
1086,1,1,5.0,13432920
1998,3,2,6.1,26295840
450,1,1,4.9,4880611
1652,4,3,7.9,25913469
1863,6,4,8.5,38685118
2251,5,4,5.2,27404495
991,3,1,6.3,16079159
1706,4,2,2.7,12522774
1048,3,2,6.0,11679627
1816,5,4,5.1,22702220
1068,1,1,3.5,8351648
1385,3,2,8.8,30009797
1003,4,3,5.5,12904013
2073,5,3,6.1,27883271
2208,6,5,5.0,27826325
1497,3,3,7.0,26182746
1675,4,3,5.0,18368907
708,2,2,6.9,12588359
1455,1,2,3.5,13331437
1617,3,3,8.3,26643168
3354,7,4,6.3,47514595
927,3,3,7.5,20115521
2602,6,5,6.4,39413689
2298,5,3,5.0,28752837
1832,5,4,8.2,37143051
2793,6,4,5.9,40010733
1892,5,2,6.1,28128022
1903,4,3,6.4,27787258
1615,4,3,6.9,24358772
2445,5,4,8.3,58537015
2363,6,5,6.4,35791691
1243,2,2,3.8,13868374
792,3,4,6.4,11674908
1518,2,2,8.2,24108969
1130,2,2,8.9,24099741
1609,4,4,6.5,25598979
2454,5,4,2.5,21777682
1353,3,3,9.1,27793786
1622,4,3,7.9,35140793
1688,3,2,4.7,17743157
2201,5,3,5.5,34042500
450,2,2,6.3,7048472
1256,4,3,9.0,25299779
1787,5,4,7.4,30784991
2430,5,4,1.5,14250142
1330,4,3,6.4,23311676
450,1,1,4.4,4409027
2053,4,3,8.3,40078953
1237,1,2,7.6,19740893
877,3,3,5.0,12149058
1244,2,3,6.0,18618624
1530,3,2,8.2,28833899
1257,2,1,7.2,18982846
450,2,1,6.8,8772089
2233,5,4,5.2,32863145
2479,4,3,5.0,33533581
2073,5,4,8.6,43250678
911,1,1,5.3,13415314
1519,3,2,8.6,28458254
1646,2,1,2.1,12381825
2039,3,3,7.2,33045890
2084,5,4,2.3,14388896
1173,1,1,7.6,18654885
1703,3,2,7.6,31524975
1947,4,2,3.4,21749571
2596,5,5,8.7,53395702
2108,6,5,7.8,40627726
2163,6,3,4.9,22954881
1704,3,3,8.2,35828163
2567,6,5,1.0,16495335
1916,5,4,8.5,39993050
1090,2,3,4.3,12217085
2562,4,3,3.3,22231586
2104,5,3,1.0,11277792
1362,3,3,5.3,16738724
1338,3,3,2.3,12132146
1843,4,3,7.8,36993495
1951,4,3,5.9,33294406
1778,3,1,2.1,11372173
1852,4,4,6.4,27045271
2755,6,4,4.3,29720076
2347,4,2,8.8,46359411
1774,5,4,3.6,16163503
2262,4,3,5.5,35773223
979,2,2,6.0,14466358
1909,4,2,6.2,26415052
2826,6,4,5.0,33503881
1508,3,2,8.6,30882434
1099,4,3,7.3,17885171
1226,2,3,7.8,26112961
942,4,3,8.0,15561246
1140,3,3,1.7,4636026
1409,3,3,6.9,18507287
736,2,1,7.8,13461630
1660,6,4,5.0,20272092
2236,4,5,6.8,37023311
1060,1,2,7.6,16747178
2638,5,2,4.1,30638004
1982,4,3,6.2,23437347
2320,4,3,8.7,43711468
1222,3,3,5.3,15867927
2205,6,4,2.6,16147752
940,2,1,2.7,7365315
2229,5,3,5.8,28251112
1762,3,2,9.3,36738973
2010,5,4,6.9,32948821
886,1,1,6.8,11974577
1068,4,3,6.1,14937346
2038,6,3,8.2,37478941
1034,3,3,6.1,15738435
1951,4,4,9.6,40480643
761,3,2,6.7,10071143
2201,6,4,8.9,52944628
849,1,2,9.1,19660505
2009,4,4,7.0,31205690
2057,4,3,6.6,28845473
1197,3,2,5.1,15352858
2028,5,2,5.5,29765781
1819,3,2,6.2,25705321
1300,3,2,6.8,21608157
994,1,1,4.0,9129975
450,1,1,7.2,7645897
1877,5,3,8.0,33981737
633,1,1,2.8,5149910
1712,4,2,5.7,20157911
1479,2,3,7.8,26761670
2091,5,4,7.6,38477200
1454,3,4,7.3,25648538
1436,3,3,3.8,11264670
2126,5,3,5.6,28131590
1868,4,4,5.9,25666032
1856,3,2,5.3,23645804
1955,3,3,6.1,32265436
652,3,2,6.7,11156857
2142,4,1,2.7,15610244
2048,4,4,3.8,20798849
989,3,3,5.9,14631972
1491,6,4,9.7,38538818
1624,3,2,3.4,14085360
1563,4,3,7.7,24716292
1867,4,3,8.7,40894145
2580,5,4,9.2,51522774
2353,5,3,9.2,58039881
797,1,1,9.4,17766229
2054,5,4,6.3,28713721
2514,4,3,6.3,41607924
1901,5,4,9.4,39253310
2359,5,3,5.1,27707486
2958,7,4,8.0,58267938
2315,5,4,2.5,15525406
1812,4,3,1.3,9705182
2329,5,2,4.9,30260296
1744,3,3,7.8,32077390
1666,3,2,3.4,18213854
1422,2,2,4.1,16753720
2666,5,3,6.6,44016528
1118,1,1,8.2,21075114
2646,7,5,4.5,28582728
1975,4,3,8.5,43545170
740,3,2,7.7,14148338
1889,5,4,5.6,23396814
450,1,2,6.6,4122699
2057,4,3,3.9,25004107
2225,7,5,3.6,24125475
1265,4,4,9.5,24738085
1730,4,4,6.2,24655879
2920,7,5,5.4,35438450
1321,2,2,4.8,16714786
962,2,2,4.2,10905736
2613,5,4,3.8,25018556
2926,5,4,1.0,16342187
1652,3,3,4.8,15013251
2307,5,3,8.4,44532402
2522,5,3,3.2,28050892
1167,3,2,8.5,19625430
1335,2,2,7.4,21408006
2450,5,2,1.2,14903784
2745,7,5,1.1,16113782
2016,5,4,1.7,15139208
1078,2,3,7.9,19857596
2942,7,5,7.0,57185303
1305,3,1,3.2,10920304
1432,4,2,8.1,29677321
1873,4,2,7.2,30672688
2660,6,4,5.6,35781156
2205,4,3,8.0,46659113
1920,4,2,3.0,21068513
1951,5,5,6.1,29985301
1678,5,3,1.1,10223436
2013,5,5,6.1,30451360
450,1,2,6.5,6871606
1457,4,4,2.5,9919728
1807,3,2,5.3,23143563
902,3,3,6.4,12359565
1901,4,2,7.5,29284256
1517,4,4,5.5,22134957
2791,5,4,6.5,43719974
2672,7,5,2.6,22099538
1347,2,1,4.6,17308402
1552,3,1,1.0,9356066
1602,3,2,3.1,15938008
1356,2,3,3.6,11618853
1777,4,3,7.1,30711692
1157,4,3,8.6,25226510
915,4,3,5.4,12122083
2055,5,5,2.2,14073269
2059,5,5,7.5,37087223
1127,3,2,1.1,2522477
2232,5,2,5.1,27550695
1239,2,3,3.2,13185748
1815,4,5,6.3,33723446
2183,5,4,1.3,12632508
1628,3,2,5.5,21232102
1946,4,4,5.7,32389279
1314,3,2,5.6,18848620
1522,4,3,6.8,24700656
1516,3,3,5.3,21867255
1165,3,3,2.2,6184691
1535,5,3,5.8,21864313
643,2,2,4.3,7052376
1331,4,3,6.5,20154936
1465,3,3,5.7,18132272
1483,4,3,6.8,23519573
1493,4,4,5.4,22298010
1610,5,3,6.8,24797552
1962,3,3,3.5,19144136
2218,4,1,5.3,35156038
1228,4,3,3.9,14093475
868,2,2,1.8,3652691
973,2,2,7.1,13999925
1333,2,1,8.0,23912661
1421,3,2,7.0,23261442
1150,1,2,4.8,15744454
808,3,3,5.2,11164377
1354,3,3,9.4,31062177
1768,4,2,5.2,21150896
2037,5,3,7.7,40768516
1288,4,3,5.1,19553089
1382,4,3,2.5,10834459
1048,3,2,4.9,13129974
1630,3,2,5.9,24048097
1099,2,2,6.0,16624976
2023,5,2,4.4,27186312
489,1,2,8.2,8007883
1416,3,3,3.5,15667855
1846,4,3,8.3,33936711
1769,5,4,4.0,21680603
3400,6,3,2.6,30501066
1877,5,3,7.7,31539417
997,2,2,6.0,14358072
1588,4,4,9.2,36003300
495,2,2,5.6,6385968
1598,5,4,7.6,32215879
1109,4,3,3.7,11479555
2245,6,5,3.1,27517593
1293,4,4,4.1,12934193
1574,4,4,1.4,9892868
1237,3,2,6.5,21537928
2780,7,5,4.3,29891657
1441,4,3,5.4,24002526
2841,6,5,6.5,52505808
2179,5,4,3.6,22549180
1963,4,4,6.2,32864851
1890,4,3,6.0,28945245
1906,5,4,4.4,22563563
450,1,1,5.7,4867891
1469,5,3,4.1,19307547
2199,4,3,8.8,41278786
1618,3,2,1.9,10040851
737,2,1,5.7,9327015
1616,5,4,2.6,12242005
2758,6,2,9.1,59570655
2460,6,6,8.6,54752781
1610,3,3,8.4,32848695
2268,4,3,1.0,10684590
1412,3,2,7.9,28359661
542,1,1,4.9,6907426
1049,2,1,7.6,19221207
2666,6,4,6.1,44167881
1472,2,2,4.5,16351664
1492,5,4,7.1,24813067
1455,4,3,8.1,30470206
2888,5,3,6.0,43925322
2707,5,4,7.0,51288599
3092,5,4,5.5,48222828
1547,3,2,7.5,26648995
1842,5,3,9.7,44202844
664,1,2,6.4,10581012
2610,6,4,3.7,27673323
891,1,1,5.4,13802346
1791,5,5,5.7,25551928
937,2,2,6.4,16361966
1267,3,3,8.4,24972718
1106,2,2,6.3,16456718
1255,2,3,6.9,17962796
1300,2,2,5.9,18756922
1294,4,4,4.6,14129228
2192,5,4,4.5,30557063
932,3,2,3.4,7878507
1793,4,3,4.1,21640745
2442,6,4,4.7,29279830
1316,2,2,1.0,3252478
1183,2,1,4.0,11888946
1500,3,2,7.7,24790010
2417,7,4,6.7,42419797
1776,4,2,2.0,14356118
1305,4,3,5.9,22404456
1965,5,3,8.3,41984320
934,2,2,2.8,7791791
2093,5,3,7.7,33625392
1916,4,3,8.9,45636187
1450,2,3,3.2,14778947
1105,2,2,4.7,9929356
1074,2,2,2.1,5445521
1998,6,5,2.6,16067802
2449,4,4,6.7,35164134
1236,4,4,6.3,21454044
1948,4,3,8.3,35734142
450,1,1,3.3,2754628
1270,4,4,4.2,14387354
1630,4,3,9.7,38766824
1059,3,3,8.5,23409793
1041,3,4,8.7,21740063
1216,4,3,5.8,14540260
1840,5,4,4.0,22036553
1528,3,2,5.1,23045266
450,1,3,9.9,11660744
450,2,2,4.7,2671356
1256,2,2,2.8,9747454
1947,4,3,7.1,32111272
450,1,1,2.3,800000
1325,1,1,8.0,22944765
1308,3,2,7.4,22464713
2552,4,2,6.4,35847303
1400,3,2,1.0,7932978
1899,5,5,1.0,8896880
1742,3,3,6.3,28810778
450,2,2,5.8,5784599
2149,4,4,8.4,38239667
1790,5,5,7.3,29432075
1980,5,2,9.2,38585633
4202,7,4,5.2,54571597
450,3,2,2.4,3586387
2771,6,4,4.7,35524484
1463,3,2,2.7,15065358
1837,3,2,5.8,28385757
1620,3,3,3.7,15103919
1374,3,2,7.0,23228319
1280,3,2,5.2,14841050
1864,4,1,8.9,39181946
664,2,1,2.3,5083667
2138,4,3,7.5,35369391
1379,2,2,7.9,27783182
915,2,1,4.1,10445748
1357,1,1,6.2,18848956
2467,6,3,5.4,29868358
1302,2,2,2.2,9225975
1883,4,2,8.6,39378777
1175,4,2,6.3,19117205
2143,4,2,7.9,36351361
2096,6,4,6.2,34592055
2852,6,4,7.0,53679799
1536,5,4,3.6,16007837
2085,4,3,8.6,43815906
1714,3,2,2.6,10812116
2492,6,4,9.5,50992851
1183,2,2,4.4,13606433
2134,4,3,1.8,10129052
1523,3,2,3.4,15754665
1608,4,4,8.1,27798793
1710,5,4,7.5,27190186
1814,2,2,8.4,36923024
1574,4,3,7.3,28912250
1790,4,3,5.8,26119871
2676,6,4,5.2,37905336
2291,6,4,7.9,38255450
2215,5,4,3.0,26972843
1354,3,3,8.0,25900620
1072,3,3,7.5,23471666
2271,5,4,7.0,38907906
2219,5,3,4.3,24270520
2607,6,4,5.2,33253119
1257,2,2,5.1,15649973
1501,3,2,1.7,6925741
584,1,4,8.0,9836289
1395,4,3,2.7,9708774
2298,3,2,3.8,25470446
1347,3,2,8.7,25750408
2066,5,3,4.3,26387200
1526,2,2,7.8,30172261
1861,4,3,9.1,38803266
904,2,1,1.1,2886773
1705,4,3,7.1,27655731
450,1,2,8.1,7673902
1529,4,4,8.1,30830029
590,1,1,2.2,2857299
2434,6,3,6.2,38651478
2155,5,4,7.5,39000395
1953,4,4,2.6,18983810
2639,6,5,1.3,15278093
1033,2,2,9.6,25368211
2786,5,5,2.4,22180743
2256,6,4,1.3,13391718
1496,3,3,2.3,13049405
2388,5,3,4.5,29640681
931,2,2,5.9,11591041
1114,3,3,4.3,13967124
1254,3,2,1.4,6112281
1306,3,2,4.0,14065211
963,1,1,6.8,16014190
2445,5,3,4.9,33214098
1482,3,3,5.8,19988647
1879,6,4,6.7,30829118
1279,3,4,4.4,14251942
467,2,1,5.4,5371665
1826,4,4,4.6,24625073
450,1,1,3.5,800000
1605,3,1,6.4,28146783
761,2,2,3.1,6919714
2942,7,5,3.8,32584649
2242,6,3,7.8,47501663
1719,4,2,4.0,19917396
2471,6,4,2.1,17421423
1100,2,2,6.9,18786775
2003,4,3,5.5,24856830
1780,3,2,9.0,38507216
1822,4,3,5.7,24384092
2477,5,4,6.5,44419421
2126,5,3,5.2,28082677
1838,3,1,2.4,14814363
574,1,1,8.5,10325248
1026,3,2,4.7,12795116
1570,2,2,6.9,27360707
1711,5,4,6.1,24235646
915,2,2,8.1,15831690
3218,6,4,6.7,51797935
2636,6,3,8.4,51385452
2041,5,4,6.1,27775167
1697,4,3,6.2,20564369
1512,4,1,2.6,11072301
1031,3,2,2.8,8031659
1700,4,3,5.1,21381899
1818,4,3,3.0,14885891
843,2,1,7.7,15213778
1867,6,4,3.7,23426122
1549,2,2,8.9,38504122
450,1,1,4.3,3380626
1091,2,1,5.6,11651229
1381,4,3,1.8,9915546
2877,6,3,6.7,46026430
2012,3,3,4.2,24896403
782,2,2,5.4,11474749
1966,5,3,2.1,9840155
644,3,3,4.4,7753297
2354,4,3,7.1,37620043
1344,4,4,5.6,18292537
1589,5,3,2.0,10277477
2512,5,2,6.0,36722362
813,1,1,5.9,12225739
742,1,1,3.6,8789970
1271,3,2,6.2,19389206
2325,6,4,6.1,35727194
662,1,1,8.1,11456985
450,2,1,4.3,3827060
1357,2,2,6.6,18131372
2009,3,3,6.6,31466257
2430,6,4,2.9,21234243
1349,1,2,7.1,22120278
1383,3,2,5.3,19075703
2400,7,5,1.5,17253346
450,1,1,1.7,2387914
1397,2,2,5.7,18098964
1774,4,1,6.7,31068717
1942,4,3,6.7,30336700
1319,3,2,7.7,23146530
1672,4,3,5.6,25121957
450,1,1,4.3,3005199
1222,4,3,8.1,27230076
1945,5,2,8.7,39945253
1012,3,2,6.1,13758819
1688,3,1,7.6,30505464
1940,5,3,7.7,40596499
1427,3,2,7.1,24850315
1761,4,4,8.8,36058604
1024,2,2,5.2,13364257
1516,3,2,3.8,15719464
2047,5,4,7.9,38152110
1752,4,3,3.9,20131421
1269,2,1,6.7,20574127
1796,3,3,2.0,13564822
2114,5,3,8.0,41960145
450,1,2,1.9,1079713
2403,5,3,8.8,53781467
1431,3,3,7.9,24394227
1927,3,3,3.8,17760781
2428,4,2,4.2,31084223
758,2,1,9.2,17908283
1189,2,1,6.6,18253842
1462,4,2,6.2,25084903
1141,3,2,6.9,17882069
2778,7,6,4.7,34768806
1093,4,3,6.4,14028391
1289,3,4,7.8,22300954
1783,4,4,1.9,11786106
869,1,1,2.7,6242422
1393,5,3,4.1,13094822
1856,6,5,5.0,25050149
1434,3,3,4.8,16939234
1589,4,3,2.9,13789499
1306,4,2,3.3,12154085
666,1,4,4.2,7920984
1859,4,3,7.6,31962993
2791,7,5,5.7,38721561
1662,4,3,5.6,19157761
1796,4,3,4.0,16699309
2100,4,3,4.7,24229757
825,1,2,4.2,8558529
2757,6,4,8.3,57507117
1782,5,3,5.2,24076835
2711,6,4,5.7,34383368
1174,4,3,5.5,16247257
2832,6,5,8.5,58264685
2154,4,4,6.3,27329611
2009,4,3,3.1,16554358
1802,4,2,1.4,9413251
1488,4,2,8.7,28998747
2430,5,4,1.2,13546809
1741,5,4,4.3,19442845
450,3,2,6.4,8873627
924,2,1,7.7,17148096
1529,4,3,3.9,17224165
1851,3,2,6.3,36958989
1613,4,1,3.2,15739146
2442,6,3,4.6,25867001
450,2,1,5.8,5250238
1743,4,4,1.8,12936178
468,1,1,3.4,2926454
2144,4,3,4.4,29849715
1589,3,3,4.8,22461733
1923,3,3,4.1,20640891
1088,3,3,3.9,11697046
2482,5,4,4.4,30116785
2327,5,3,6.7,32762737
2029,4,3,1.7,15659891
1566,3,2,7.1,26881110
2027,5,3,7.7,38227879
1191,2,2,6.3,20630669
2206,4,3,5.5,38576298
2722,6,5,8.7,53597323
2346,5,4,7.7,40984121
1176,3,4,7.1,20932026
1885,2,2,7.9,34995684
809,3,3,4.2,8822389
2022,6,4,7.8,42202312
1943,3,3,4.1,20165302
450,1,2,6.4,6992152
895,2,3,3.0,7607445
1466,3,2,5.1,17511652
1454,3,2,6.2,20813970
864,1,1,4.9,8180292
1903,3,2,2.2,12108986
1813,5,5,3.2,19219127
1524,3,2,9.1,35272455
1159,4,4,2.9,10972089
2332,5,4,4.9,28799703
2726,5,3,8.5,66600728
1336,3,3,7.1,22474457
1252,3,1,8.0,22051528
1969,4,2,4.0,20952888
1417,3,2,6.4,18722043
1559,4,2,6.2,24082139
2131,5,4,7.6,38628987
450,2,2,2.7,1343656
2507,6,4,4.3,28513557
1697,3,3,5.1,25542180
1383,3,2,7.3,24608908
1592,6,3,6.4,27187730
1626,4,3,2.6,12544691
525,3,2,7.0,8148150
2622,7,4,5.6,36194959
1677,4,4,7.9,34438877
1938,5,5,4.7,22783682
2269,5,5,2.4,17874716
986,1,1,8.2,19640951
1958,4,3,6.2,32301927
1476,4,4,9.3,31072494
2200,4,3,4.6,26373318
450,1,2,5.9,7577743
1586,4,3,3.9,17381806
1258,2,2,9.1,29602179
1931,4,3,4.0,21427092
1956,4,4,4.5,26680979
1190,2,2,3.4,11555234
1187,2,1,4.4,12523466
1578,3,3,6.5,28994785
1067,4,2,6.0,17648935
2197,4,4,8.9,43433843
1410,3,2,3.9,15929157
450,1,2,5.3,4328838
1406,4,4,1.2,7154828
975,3,3,7.2,14381067
590,2,2,1.4,3155985
846,2,2,2.8,6246370
1721,4,2,9.0,39287627
2514,5,4,8.2,51000293
1854,6,3,4.9,28689784
1256,2,2,3.1,11988525
1946,5,3,6.1,32750822
1352,4,2,6.2,24011370
1199,2,3,7.7,22037060
900,3,3,7.9,17435838
511,2,2,6.8,9664663
1397,4,3,5.2,20182063
1753,4,3,5.1,18260620
1587,2,2,4.2,17134058
1380,3,2,5.5,16194472
1035,2,2,7.8,17565911
2045,5,3,6.9,33899834
794,1,1,7.0,11504316
2154,3,2,7.1,30952453
999,3,2,4.1,9755337
1161,4,3,7.6,20180500
697,2,1,1.5,3077276
1324,3,3,3.0,11555860
2284,6,5,3.7,21769422
1985,5,3,3.6,22852280
2286,6,4,7.8,38434706
1989,5,4,6.3,30261331
933,2,1,4.6,11893001
1435,3,3,8.2,29461843
1143,2,2,7.6,16850809
2515,6,5,5.1,30813645
872,2,1,3.7,6062966
2231,5,3,6.1,35711269
2230,5,3,5.9,37018121
2839,7,4,6.2,37532125
1384,4,3,5.1,17377147
2113,5,3,4.6,30398268
3133,6,6,5.0,43619792
1249,2,3,7.4,21732527
652,1,1,2.6,3555587
450,1,2,7.1,5367888
2113,6,3,3.3,17955483
450,1,3,8.3,8400040
1408,3,2,2.5,8586082
1934,5,4,7.8,32729120
1770,3,1,2.3,10525303
1927,5,4,3.4,17042893
1794,4,2,6.6,31616154
2481,5,4,2.9,23883306
1031,2,1,2.3,6644719
1210,4,2,7.4,19147617
1148,2,1,6.3,12356219
2190,5,4,6.2,35815778
2235,3,2,6.9,39313715
1943,5,3,4.1,23159010
2419,6,5,4.1,29052657
884,2,4,8.2,15501818
2734,6,5,9.8,68721667
2640,6,4,4.0,23516403
2128,7,5,2.1,17817464
2808,5,4,7.1,55264322
573,2,2,4.1,4025577
1309,2,2,7.8,21697992
1172,3,3,8.2,22781740
2119,5,4,4.3,21074697
967,2,2,6.3,15132014
2142,5,5,5.5,32819463
2541,5,3,8.5,53852343
2102,5,3,1.1,10543979
1834,3,4,7.1,34207031
1008,3,1,8.0,15404315
1100,2,1,3.3,10821788
2462,5,3,8.0,43249722
2157,5,5,6.3,27363975
1625,2,3,6.5,22047598
1378,3,3,9.4,31418960
450,1,1,9.5,9483579
954,2,3,9.2,21996294
2892,6,4,6.3,42716122
818,1,2,9.4,19414411
1773,4,3,9.0,37657487
2305,5,4,8.6,51291583
834,2,2,3.1,6865372
1770,3,2,5.6,23863186
2260,6,5,8.0,45957125
1658,5,4,4.2,20879048
3514,7,5,6.7,66987722
565,1,2,4.8,5377799
2338,6,2,6.0,33972678
1538,2,2,7.4,28983486
2152,6,5,2.4,19058078
1937,5,4,9.8,42890084
1173,2,2,9.4,24894530
1799,5,4,3.7,19175967
450,1,2,7.1,7389471
2042,4,4,7.3,33802823
1844,4,3,4.8,24350040
2065,4,3,5.0,21385470
2338,6,5,5.7,31567178
1889,3,1,4.2,22780087
1746,3,2,6.4,22107993
1077,2,3,3.4,9551409
1187,3,3,6.6,19352227
2421,5,4,8.2,54110565
2584,5,3,8.3,45810036
1495,3,2,4.8,20592718
1680,4,3,2.1,13278550
1062,1,2,3.8,8146567
2412,4,3,5.6,30484848
2083,6,4,3.2,21269169
2912,6,4,8.4,65045160
1079,2,2,8.5,25075546
1404,3,2,5.7,20101021
1800,4,3,1.3,8581766
2070,5,2,7.6,39894227
1510,4,2,4.1,14170834
1083,2,2,2.7,8617105
2223,4,2,3.2,24288901
2119,6,6,1.9,20667113
1054,2,1,2.7,5998801
2531,7,4,5.5,40748936
2411,4,3,5.9,36422748
1737,4,3,8.8,34867120
1702,5,3,3.6,15490722
2010,4,2,6.1,24233899
1090,2,1,4.1,10079777
1670,4,3,3.4,18648889
450,1,3,3.8,5616096
2220,5,4,3.5,20095645
635,1,2,5.0,5858468
2627,5,4,2.7,26085665
1435,4,4,7.0,21492649
1512,4,1,3.5,12084502
1242,3,2,3.8,13893383
1463,4,4,6.6,21442856
2572,6,4,7.4,41889496
450,1,2,8.8,9172361
2480,5,5,3.7,25759611
1870,4,3,8.5,40604421
865,1,1,6.8,12631594
951,2,1,7.2,14977599
2740,6,4,9.4,63449743
1035,4,2,8.6,22930965
900,1,2,2.5,5939713
2389,5,3,3.1,20218304
1870,6,5,6.7,29811587
1040,2,2,5.7,13943009
1791,5,2,5.2,24941892
983,2,3,5.9,10334035
2366,5,4,4.6,26630323
2340,3,3,9.1,45634378
1996,5,3,4.7,23914497
1885,4,3,5.2,27304597
2795,6,5,6.6,46728589
1650,3,2,7.4,27832700
882,3,4,5.0,11198581
1942,6,4,3.4,21011867
3006,7,6,5.2,41696983
990,2,2,6.1,15723550
1415,2,2,7.0,26103644
1921,5,2,3.5,21525184
1615,5,4,6.6,25307983
1012,2,1,1.4,5869107
2379,3,2,7.8,42120903
3158,7,6,8.4,59195136
1777,5,3,5.7,29214613
1062,1,1,3.6,10055668
643,2,2,5.0,8041880
1818,4,2,6.6,26968905
2368,5,5,8.6,57605077
1959,4,3,2.8,15453668
1648,4,3,6.3,23804467
1267,2,3,5.7,17573482
940,1,1,4.2,9995426
2193,3,3,3.4,22071514
2244,6,3,3.1,20520023
645,2,4,8.5,12819927
2683,6,5,7.1,52475337
2023,4,3,6.8,30543538
2560,5,3,5.8,36180674
778,1,1,6.1,11607373
762,1,1,2.8,4520158
1553,2,3,8.2,30812774
1977,4,2,6.2,34504272
2818,6,4,7.3,54571518
2109,5,4,8.4,45149886
1492,3,2,4.3,16337831
983,3,2,5.6,13724038
2450,7,5,3.8,27161995
1023,3,3,6.0,16312816
2709,6,5,5.1,34170497
1465,3,3,3.9,15681282
2684,5,1,3.7,23999181
2091,5,4,4.0,21707310
1561,5,2,7.1,23903157
1312,3,3,3.0,10275331
1428,5,5,8.2,30544045
1928,3,2,2.7,14065977
1700,3,2,1.5,11756899
1264,3,2,5.2,15919143
1542,4,4,7.1,24262897
1701,5,4,2.4,17754018
450,1,2,8.4,6877316
1948,4,3,4.1,21723696
1013,2,2,1.9,5556982
900,1,1,7.5,11619422
553,1,2,2.3,3201521
484,2,1,6.2,5684151
769,2,2,3.1,5822202
1189,3,2,8.8,23161738
2920,5,4,6.6,46936075
1308,3,2,2.7,11435167
1766,3,2,5.2,19951057
1910,5,4,8.0,36441213
1735,3,2,3.9,18290473
1600,3,1,5.0,22204080
873,2,2,9.3,20451194
2593,5,4,3.8,30761041
2825,7,5,4.3,34843384
556,1,2,4.2,4345417
984,1,1,8.5,18956384
1468,2,1,3.5,12958235
1023,2,2,4.8,12895841
1979,4,3,7.5,34130482
1177,1,1,4.6,10040273
3057,7,5,8.8,66942099
2424,6,4,3.7,27420205
1788,4,2,4.8,20623867
2318,6,4,7.3,38294837
2369,6,3,8.1,44740523
1283,2,2,6.7,19108036
1119,2,1,5.3,13675002
1701,4,4,5.6,22884046
2210,5,5,7.2,42294000
1740,4,3,8.3,36327679
625,1,1,6.0,7889960
1128,3,3,1.6,8249441
1602,3,4,3.0,13710650
1601,3,2,7.2,33478425
2932,7,6,6.5,43638548
749,1,1,4.5,7353636
1979,3,1,3.9,20225002
2618,5,3,8.7,56381225
3126,7,6,7.6,59815107
1387,3,1,6.8,21469486
1969,4,3,7.6,30299048
2020,4,3,6.6,30073667
1777,4,3,4.9,19328938
1586,3,2,6.7,25870849
1933,5,4,6.2,29365265
450,1,1,8.5,8201949
2093,4,2,7.8,43594705
1732,3,3,7.5,27374592
1505,3,3,5.7,21327458
2980,7,5,6.7,46217095
1211,3,2,7.3,22242722
1388,1,1,7.7,23919726
2945,6,4,7.9,50422107
1109,2,3,7.3,17149978
1292,4,3,5.4,15932598
1554,3,3,5.6,23892843
2196,5,4,6.6,36962926
1785,5,4,6.9,27520579
810,1,1,4.1,7537627
1304,3,3,6.2,18165889
1255,2,1,2.0,7576970
1600,3,1,6.8,27258081
1927,4,4,5.0,23484696
1922,4,4,3.8,22616347
496,3,2,5.2,4533257
2342,6,5,2.2,15416265
1814,5,5,2.8,14065671
2550,6,4,4.5,31494732
1939,3,2,3.3,16373420
2366,6,4,6.6,44674719
1953,5,3,1.0,13041363
2525,5,3,7.6,42633970
1989,5,4,9.4,49049201
1586,4,2,3.8,20119211
3127,7,4,2.8,29979820
2228,5,4,8.7,38212170
2023,4,3,2.7,16557066
820,2,2,6.4,11810011
813,3,4,7.6,13979639
1840,3,2,2.3,13828043
1745,2,2,3.6,15777621
1251,3,2,7.2,24017323
1742,4,4,8.1,29108939
2683,6,4,7.1,46131697
2102,5,4,3.8,19409041
908,2,2,9.2,19673481
1578,2,3,7.6,28769988
1127,4,2,4.4,11270901
1398,2,1,6.7,23046158
1381,2,2,4.8,16173306
1340,4,3,9.5,28269508
834,2,2,6.8,13466687
1567,3,3,3.3,15188653
1286,3,3,2.9,8579268
450,2,1,4.7,3301034
2984,6,3,3.5,30244245
2358,6,4,5.1,28304607
1405,1,2,7.4,25967124
1662,4,3,6.6,21797789
888,1,1,7.4,12379103
2752,7,5,4.0,29019574
2883,7,4,8.3,65408422
1752,3,3,6.5,24378700
2315,6,5,9.1,55663021
1764,5,3,1.1,11681784
781,2,1,3.4,6565106
1382,2,2,8.7,27236523
1736,3,1,3.8,16823347
1355,3,3,2.8,11967791
1508,3,3,5.9,21919072
1591,4,4,7.7,30848731
1597,2,2,4.1,17659846
1684,4,3,2.3,13464489
961,2,1,4.8,10393906
1184,2,2,1.0,5742184
815,1,1,1.4,3023170
2286,5,3,5.3,31811346
450,1,1,7.8,6960272
2400,5,4,7.1,46444442
2551,5,3,6.9,44088015
1454,4,3,3.5,12607314
450,1,1,6.5,5335069
1415,3,2,6.5,21383720
1608,5,4,3.0,17252339
993,3,2,4.3,13654332
1315,4,4,1.8,7088458
2645,5,4,6.0,42442906
2082,5,3,1.8,15765970
1049,2,2,3.4,9523858
612,1,1,8.2,11024476
1437,4,3,7.1,23910501
1511,3,4,9.1,32853875
1973,6,4,6.5,31834475
1302,3,2,7.3,24074857
1982,5,3,1.9,12457242
2908,7,5,6.7,47463433
2180,6,4,6.0,33120356
1619,2,2,3.2,11773699
1531,4,2,3.3,13550869
1418,4,4,4.6,18138000
2417,6,5,5.2,31562176
1242,2,1,2.8,12998943
1679,3,1,8.6,37526763
1683,5,3,7.2,27680539
1324,2,2,5.6,17152528
758,1,3,7.0,11224663
1860,5,4,5.4,28569826
1610,4,2,5.1,19235867
1975,4,3,8.4,44243814
1303,2,2,7.9,24681961
2444,6,4,6.5,39334835
1080,1,1,7.9,17140187
2763,6,4,9.8,71077068
514,1,1,8.2,10677736
1933,5,3,6.3,32698750
1959,5,4,1.6,13020226
1133,2,2,8.6,23193582
1926,5,4,2.9,19106416
2482,5,4,7.0,41828598
450,1,1,4.8,4637729
1977,4,4,5.6,26801461
450,2,2,8.0,6695514
1022,2,2,5.0,16412027
2709,6,4,4.9,36985501
1272,4,3,8.2,25255118
887,1,1,6.7,13834743
1521,2,4,5.0,15697373
2994,5,4,2.3,26609702
459,1,1,2.1,2627197
967,2,1,4.0,9378680
2623,7,4,5.9,36517025
2858,7,6,4.2,32874139
1583,3,2,5.3,22179362
845,2,2,1.7,5415451
3012,7,5,7.9,58634361
2686,5,4,8.2,51764175
2091,7,5,6.3,34544966
1122,3,2,6.1,17103433
1618,4,3,7.6,29097480
1546,4,4,8.7,30149153
1865,5,4,3.4,20873320
2593,6,5,4.5,28468632
2222,4,4,9.4,57294726
950,3,3,7.8,14290764
2545,6,6,4.1,27199787
1854,3,2,4.4,26886086
2097,6,5,5.7,29280423
2603,6,3,4.8,32579138
927,3,2,2.3,7343586
1627,5,3,5.8,23691721
1305,3,3,5.3,17387660
631,2,1,5.8,10618669
1875,5,3,6.8,31936512
3283,7,3,8.9,60363497
454,1,1,8.3,7757131
1629,4,3,7.7,32055340
2066,4,4,6.5,34297273
1730,6,4,8.0,33355698
1576,2,1,1.9,7774574
806,1,2,4.7,9234273
1801,5,4,2.5,17347052
1158,3,2,2.2,8047020
450,1,1,2.1,2069571
2426,6,4,3.7,26190862
2273,6,4,8.0,39115665
1684,4,3,6.5,27788205
1799,6,4,5.0,22502134
2348,4,4,7.0,45061773
1796,5,4,2.0,11149725
2238,6,2,6.4,34278961
1457,4,3,3.4,13550888
2503,5,3,2.8,23689304
1859,4,2,6.1,28489960
1776,4,2,7.8,29817073
824,2,1,5.6,11954790
1837,5,3,6.4,29237807
1109,3,3,5.7,17164019
1235,2,1,7.4,18267519
1120,2,2,3.2,10911442
957,1,3,6.4,15842488
3031,6,3,3.4,27494525
2515,6,4,3.0,24131253
2898,7,3,2.3,24209702
855,4,3,5.8,13438091
1696,4,3,6.8,27277105
809,2,2,2.4,5135100
1198,3,2,4.7,14600191
1053,2,2,6.5,13966302
2456,5,5,5.3,31836593
1392,4,4,4.6,19489981
2344,5,3,1.4,15350784
2043,4,2,5.5,31792345
3147,6,4,1.5,18562733
688,1,1,3.9,5470359
2469,6,5,3.5,25861286
2395,6,3,3.9,25153095
1017,1,1,2.6,6946276
2305,5,4,7.3,42217335
1868,4,3,1.2,11510713
1502,2,1,5.7,20240100
1114,2,3,2.5,8371076
1183,2,1,8.5,22081109
2982,6,4,2.6,25460302
1650,4,3,5.4,22567061
2158,5,4,3.9,25998824
1136,2,2,6.3,16491043
1143,3,3,7.7,18481456
2353,7,5,5.8,31861993
773,3,2,2.0,6283109
1380,2,2,9.0,27685274
1672,4,3,5.7,25525301
1722,4,4,6.5,26942159
1534,4,3,6.4,24505592
1907,4,4,3.6,20427884
2100,5,4,1.3,13685317
2128,5,3,6.5,31046652
1009,2,2,6.3,16652941
1465,3,2,6.0,22438246
2427,5,4,4.9,28965080
2232,5,4,5.8,35455540
758,2,1,9.2,17012912
1878,5,4,4.6,25656789
450,1,2,6.0,6059268
1681,4,4,6.6,30051428
2884,7,5,6.7,51059146
1034,3,3,2.3,8768440
1108,2,1,5.1,12427080
2147,5,5,5.0,28580830
647,2,1,7.3,12840776
1239,2,2,9.3,26065802
2038,4,3,4.3,21770673
1238,3,2,8.2,25142112
1497,4,3,5.0,18374737
2134,5,4,3.6,21812311
1924,4,4,9.7,45936777
1823,3,2,9.8,43159752
1430,4,3,1.8,9084227
1891,4,1,2.5,19037469
1570,3,4,7.3,26465944
1948,4,2,7.0,33862601
1327,3,3,4.5,16919828
1531,3,2,3.1,12167986
1007,3,2,5.7,13807066
1627,3,3,5.9,21278029
1123,4,4,5.7,17174070
926,3,3,4.8,10922649
1818,3,3,5.5,29139045
1788,4,3,5.6,23262101
2159,4,4,3.2,21909307
1370,3,2,7.8,21609326
1915,6,5,5.2,27271439
2008,4,4,6.9,37517941
1939,5,4,8.0,40137635
1113,3,2,1.5,6022677
1747,3,2,4.4,21594040
1887,4,3,5.6,29022496
1655,3,1,6.9,21307242
450,1,2,8.5,8663841
1754,2,2,7.1,35042223
3088,7,5,9.1,73396695
1416,5,3,7.3,22315552
1177,3,1,2.2,8020552
1893,3,2,4.7,24776763
1853,4,3,7.5,35734938
2425,5,4,3.6,24571845
832,1,1,5.2,11292065
2125,5,4,4.3,27760184
2034,5,3,2.4,17212312
1558,3,3,7.1,30833200
1870,5,5,6.7,30939180
2319,6,5,8.1,49384203
2217,6,5,8.5,46450777
907,4,3,3.6,8432554
2183,4,2,2.0,14089901
1608,6,3,5.1,18680677
1697,3,3,5.7,23743002
1698,3,2,8.8,35112328
1552,4,3,5.2,22910109
2425,5,5,4.1,29570251
1596,4,4,7.3,26116612
922,1,2,2.5,5383114
1394,3,2,4.3,16230740
1766,5,3,4.4,22854143
2449,5,4,3.2,23241444
2042,5,3,6.6,38625105
1097,3,3,5.0,14237174
3265,7,5,3.1,28117040
1822,3,3,4.9,21230355
2479,6,5,5.9,34710850
1551,3,1,4.0,18719021
1997,5,4,5.2,28507715
2196,6,3,4.3,23607638
2442,4,3,8.8,56178657
2337,4,3,5.5,32581176
2217,3,3,6.6,35248601
1445,3,3,5.4,16332603
1278,4,4,6.9,20788609
1866,4,3,5.7,26431014
2257,4,3,7.0,40140249
1505,3,3,2.1,11134968
2342,4,2,7.5,39831488
2594,5,3,7.4,44675047
1054,3,2,5.7,16076975
1106,2,3,2.2,7242296
1559,4,3,3.3,15323174
1850,4,2,8.7,40796571
1309,3,2,1.7,8358431
2529,5,5,8.5,49682138
1926,5,4,7.2,31976082
1676,4,3,2.3,12170686
717,2,2,9.5,16453664
795,2,2,5.3,7989331
1833,4,3,9.0,33051836
450,1,2,5.3,5504179
2308,5,3,2.6,20313789
1547,3,3,3.9,17024373
3758,7,5,3.4,38301781
3150,7,5,7.3,60685793
1532,3,2,4.5,15023623
1581,4,2,2.7,12437857
2297,6,5,2.1,14294487
2757,7,5,9.5,66844005
585,1,1,8.0,8098482
489,2,2,3.6,4696524
1246,3,3,5.0,13999353
2029,5,3,3.5,19143598
1973,4,3,6.2,28979067
2345,5,4,1.2,14640872
870,2,3,5.6,12315694
450,1,1,6.8,6807134
2208,5,5,6.1,38063286
1112,4,3,5.7,17600541
450,1,1,5.3,4808052
1744,5,4,2.9,14466785
2166,5,3,5.3,27461202
1571,4,3,8.3,28161095
1352,1,1,8.0,24054777
1546,5,4,1.8,12141292
1409,4,2,7.6,20870959
774,1,2,3.8,7917667
1185,1,1,4.3,14362768
1989,5,3,5.6,26190138
1859,3,3,4.9,25847918
1759,4,4,4.4,23386573
1003,3,2,2.1,8039841
1532,3,3,8.2,29818023
450,2,3,3.9,3556346
1766,5,4,7.2,29722169
2579,7,5,6.3,41137323
692,2,1,7.7,11434786
1269,2,1,3.4,9543441
1864,5,3,6.4,28133549
2464,5,4,1.5,15698507
1359,2,1,6.4,19268078
1200,4,3,2.5,10243584
450,3,2,6.7,6074491
1717,4,3,4.6,22338123
2977,7,5,6.3,50827885
1830,4,3,7.5,28840147
1636,3,3,6.1,23304167
1859,4,3,6.7,26626898
1643,5,4,5.7,25831150
1122,2,2,5.0,14861276
2185,5,4,5.4,27463979
1797,4,4,8.3,38413836
1661,3,3,2.6,13600629
1016,3,2,7.8,20467349
2497,5,4,2.5,19957911
2082,4,3,6.7,34098319
1291,4,3,4.8,18981955
2301,6,6,1.6,14199956
1327,3,3,2.3,13225879
1142,2,1,3.1,8848343
1156,2,1,5.7,18136543
499,1,1,4.1,5286145
1957,5,3,5.2,22426088
460,1,1,3.0,2705486
852,2,1,7.0,12525930
450,1,1,7.7,7307813
1594,2,2,8.2,30194103
1552,3,2,6.0,23666078
1438,3,3,6.0,20035287
972,2,2,7.1,17938588
888,3,1,9.0,19231387
1952,5,4,2.0,12310376
1292,2,3,4.8,12478674
1856,4,3,6.6,28380494
1075,2,2,9.9,24673829
1768,4,2,4.4,19074938
2497,6,4,2.0,16306238
2031,5,4,4.8,25361518
1382,3,3,1.9,8221685
1817,5,4,6.5,27964693
1494,4,4,4.7,19068167
1655,3,3,4.0,20518024
1438,5,4,5.4,25048819
1543,4,3,3.3,13623507
1788,3,3,3.3,18058401
1004,4,2,4.1,9552859
990,4,3,6.2,17372936
747,2,2,4.9,4493963
610,1,2,4.4,7092836
859,2,1,5.1,8871348
1754,4,3,6.1,23829236
1070,3,3,5.3,11918555
1984,5,4,7.1,34165522
1673,4,4,4.6,19678246
450,2,2,3.4,2334317
2076,4,4,2.7,16655688
2177,6,3,2.0,16617773
1004,2,1,7.4,15236508
1923,5,4,7.6,36579247
1093,2,1,6.7,19197326
1713,4,4,3.9,18627054
828,2,3,2.5,7591734
484,2,1,4.3,4602559
1401,3,2,6.4,23533489
1570,3,2,8.3,29160387
1392,5,4,8.0,22396380
880,3,2,7.7,15829587
1390,1,2,3.8,12846277
1825,4,3,5.7,24194134
1621,2,2,5.4,22257936
1769,3,3,3.7,19924855
1214,1,1,3.9,12775372
2412,5,5,7.0,36383049
885,1,1,4.8,8722197
1967,4,3,7.6,36655898
2418,4,4,8.1,41169363
1963,4,2,9.1,40441774
1518,3,3,4.4,17271496
1307,4,3,4.4,14867354
2323,6,4,4.9,29660683
725,2,2,6.5,13404684
1019,2,2,2.6,9503233
1392,5,3,8.8,26460073
2454,4,5,4.1,28475018
1897,3,2,2.8,15296809
1021,2,3,1.8,6468412
1448,5,3,7.5,23959562
1251,3,2,3.1,9723527
1189,2,2,4.1,11384853
2286,4,3,7.7,42164029
758,2,2,4.9,8223122
2696,7,6,5.5,44742323
2188,5,6,6.7,45577041
2359,5,4,9.1,54685287
1349,2,1,5.5,17933504
1553,2,2,5.0,20485434
718,2,2,2.8,3879038
1309,2,2,5.6,18136054
1971,3,1,1.6,11462917
2492,5,5,7.0,39790734
930,2,2,4.3,11121017
1412,3,1,5.1,17410749
1552,4,3,5.7,22027679
743,2,2,8.2,13301895
2034,4,4,8.3,46029816
1179,3,2,7.9,22958140
1523,3,3,8.7,34150882
1356,3,1,4.8,15235008
1137,3,2,2.4,10873163
1645,2,3,6.1,23145266
1510,4,3,7.9,25313625
1408,2,1,3.0,11291555
1176,3,3,7.3,18432332
1858,5,3,1.0,8385855
2725,7,5,7.9,57287715
1741,4,2,8.9,36250852
2297,5,3,1.8,16732166
746,2,1,7.0,12090588
1753,4,3,7.3,31946762
937,2,2,5.4,13898106
690,1,1,5.8,10730744
1169,1,1,4.2,11422017
2425,6,5,2.2,18284639
2268,5,3,6.8,49853735
1808,5,4,6.1,29188790
654,2,2,6.0,10681617
1522,4,2,7.3,30640424
1846,4,4,1.9,13859707
1764,5,3,9.4,40023585
452,1,2,9.4,9861778
1071,3,3,2.6,9873445
1608,2,2,4.3,19474207
1999,5,4,9.5,42259748
450,1,1,6.8,6960099
1545,3,1,8.0,28699138
1743,4,3,5.7,26386738
2202,4,3,5.3,25360328
2100,4,3,6.1,34374435
2029,5,3,3.8,19659331
1130,2,3,5.2,14154213
450,1,2,8.0,8240578
1395,3,3,3.1,12373607
2301,7,6,5.7,34257147
2556,7,5,5.4,35548769
2112,6,4,8.6,45815933
1929,5,3,2.7,16076864
1897,4,3,9.1,41377267
1289,1,1,7.7,21654796
1565,3,2,7.1,24068687
2735,6,5,9.2,69956661
1037,1,1,2.8,6372926
2700,5,3,4.4,27318642
1441,2,1,9.8,40686032
2512,6,5,5.9,38675736
736,2,3,7.1,10714516
2031,5,4,6.7,33400187
1171,3,4,7.2,18366197
730,1,2,5.8,8818846
1792,2,2,5.6,24352853
2306,4,2,5.7,35620732
1101,1,1,3.4,10572756
676,1,1,7.6,10975209
1590,3,3,3.5,16897562
1593,3,4,5.4,22676560
2006,5,4,5.4,22725461
2267,5,4,6.2,35586084
1611,4,3,7.4,31469066
2856,7,5,7.6,48652156
1796,3,3,5.0,24869564
1425,4,2,3.5,16598055
602,1,1,1.0,2070334
1479,3,3,6.6,21981578
1431,4,3,4.9,17712588
2274,6,3,8.0,39293097
1951,4,1,6.8,32031297
883,2,2,4.5,11711704
1762,4,3,4.1,18790596
2086,4,2,4.3,25909671
2643,6,4,8.9,61069849
2227,5,4,8.2,44288972
2145,6,5,4.8,27162556
1689,3,1,2.9,11830821
1902,4,2,5.7,24850867
2462,5,3,4.7,33633023
784,2,2,7.1,13254002
1423,2,2,1.8,9223845
1148,3,3,6.2,17022634
1896,4,3,9.3,38857002
2450,5,3,8.1,50726967
1262,2,1,3.9,10699886
450,1,2,5.9,6624585
1382,4,2,4.9,19545850
2244,5,4,4.3,26380673
1999,5,4,4.4,26190392
1928,6,4,4.9,29219931
1468,3,2,8.8,28673205
819,1,1,7.6,14212715
1985,5,3,8.1,38660658
1108,2,2,7.4,20706840
3070,6,3,2.4,23937834
2021,3,2,5.9,29835436
1273,4,4,6.4,22596148
1253,2,2,7.2,18984175
1590,4,3,9.2,37623234
1494,2,2,4.9,18606838
2376,6,4,5.2,33465749
1771,3,3,5.4,23614155
1174,2,3,3.8,13097928
2879,7,5,4.1,33936767
1682,4,3,3.2,13829898
2150,5,3,3.9,28670679
1255,1,2,2.1,7724187
1886,7,4,9.7,41343075
1852,6,4,6.6,32987359
450,2,2,4.4,4705292
2960,6,5,7.4,47117998
2489,5,4,1.3,12875152
1392,3,3,9.9,31709678
934,3,2,8.2,19474535
1876,4,3,5.9,23266722
1706,3,2,8.1,33531682
1881,4,2,6.0,30588925
1775,5,4,6.5,25199514
1979,6,4,5.1,25426841
2591,7,4,2.2,21028233
2019,5,4,3.9,24426897
968,2,2,6.8,13665884
2536,3,2,7.6,41529114
2716,6,6,7.5,50827079
3699,7,4,4.1,43217182
920,2,2,5.9,13730383
1808,4,3,1.0,11025703
450,1,1,6.4,6820932
2010,5,3,8.2,39914899
1294,3,1,1.0,4230428
2900,7,4,5.1,29996794
1147,3,2,1.0,5473101
552,2,3,6.5,7764163
1344,3,4,5.8,16866367
450,1,2,3.0,3938482
2138,5,3,3.0,21241541
450,1,1,9.0,9645273
1668,5,3,6.5,28156918
450,2,3,6.5,5129804
1442,5,3,4.0,17442308
2718,7,4,5.6,35551547
1884,4,3,6.2,27261028
1089,1,2,8.3,23324697
1630,5,4,5.8,28032512
1662,3,2,6.1,27575174
1957,4,3,8.2,39100770
762,1,1,4.3,6579385
2035,4,3,7.0,30933835
450,1,2,1.0,800000
1241,2,1,8.8,27130163
1333,2,1,8.2,27260589
2062,5,2,4.0,18889858
1665,4,4,8.0,30732976
736,2,1,6.6,12317539
1010,2,2,6.2,15465196
1779,3,3,8.0,35447349
1599,3,3,3.5,15256568
1274,3,2,4.4,14959195
1337,4,3,2.1,10714707
2103,3,3,6.0,33595269
1313,3,3,4.5,18059876
1593,2,2,2.6,14412027
3060,5,3,8.9,64264354
725,2,1,4.9,7199937
450,1,1,9.5,11453440
2159,5,4,9.6,49419370
1209,3,2,8.0,20683378
1443,3,2,6.3,23834882
1142,2,1,2.9,10775096
1481,5,4,1.8,9526308
2689,6,4,1.0,13415682
2171,5,3,2.3,15370584
2210,5,5,5.4,28882606
729,1,2,8.2,13633056
902,1,1,7.6,14426654
450,1,1,7.3,8622098
1124,3,2,7.3,19844691
2272,6,4,3.8,25907646
1986,5,4,4.9,28186746
1506,3,2,5.3,17347884
1636,5,4,2.7,11247078
1202,2,2,8.8,27439380
1783,4,3,4.2,20772864
2148,5,3,8.8,42219247
600,1,1,3.6,4577162
1845,5,3,2.8,19779367
2256,4,2,4.1,23933717
1380,2,3,4.6,14838393
2105,5,3,1.8,16763834
3480,7,4,8.1,76111718
1582,6,4,7.7,28111225
1906,5,4,7.6,38311672
1170,2,2,3.8,10800010
1768,3,3,3.8,16932851
1949,3,3,6.2,32906294
1777,3,2,6.5,24198061
987,2,2,7.3,15687947
1784,5,3,3.0,17290634
2600,7,5,8.0,52612707
1942,4,3,7.0,26349000
2275,5,2,4.0,23953946
1496,4,3,4.6,18236319
2137,4,2,8.6,44183744
1832,5,5,3.3,16467671
1032,2,1,8.4,19983564
1857,4,3,3.3,22800296
1005,1,1,6.0,14068642
1239,3,2,6.8,19682309
1773,5,3,4.2,22164605
1843,3,3,5.9,27335621
877,1,2,5.4,10715391
2335,6,5,5.5,34596224
2022,3,3,8.4,40117758
1192,3,2,3.0,10280947
651,1,1,4.9,6693409
1556,3,3,4.2,17506073
1360,2,2,6.8,24710659
1724,4,4,4.5,20348005
1414,5,3,2.0,8788794
450,2,2,7.6,7684487
1398,2,2,7.9,23730634
1451,4,2,8.0,26306631
2062,4,3,6.5,32839255
1196,4,3,8.6,28186758
2741,7,4,1.2,17001840
450,1,2,2.5,1538510
2502,5,3,1.8,16059376
1504,4,3,3.9,15054096
2209,5,4,3.6,25909215
1702,3,3,1.6,11022153
2391,5,4,3.7,26515004
1398,2,2,6.6,22487854
936,2,2,5.6,11946423
2573,7,5,8.1,50317229
1576,4,2,9.3,36132462
1794,6,3,5.7,28869816
2453,6,4,6.5,31734056
979,3,2,8.5,17957562
2037,6,5,2.6,14345241
1267,3,3,7.9,23528885
1564,3,2,4.7,16977268
1697,5,3,5.9,26593226
675,3,3,3.5,6465450
1144,2,1,2.8,10622051
2528,5,3,6.0,40093770
2226,5,3,5.3,30369745
1609,4,3,4.3,17694774
1808,5,4,3.4,16443304
1459,2,2,5.5,18251531
2532,7,4,5.2,35400912
1520,3,1,4.8,18888076
1801,4,3,1.2,8291123
2395,5,3,4.5,28637415
1145,5,4,6.9,20532428
2663,6,4,7.4,52957976
655,1,2,9.6,17039503
2709,7,5,6.4,43938678
1408,4,3,7.2,27206409
1492,3,3,6.4,23447716
450,2,3,1.7,3154780
1354,2,2,8.0,26853641
974,2,2,5.6,12062707
1255,1,1,2.7,10283759
1561,2,1,9.0,32776105
2273,6,4,2.0,16114405
1785,5,3,4.8,26051105
1850,4,2,6.6,29315327
938,3,3,4.0,10994288
1078,2,1,4.1,10743515
2819,6,5,7.1,43572639
1172,3,3,4.7,14558860
2727,6,4,8.0,54372870
1492,3,2,8.0,24227330
1651,5,3,5.7,19062344
2346,5,4,3.0,19356126
2477,6,5,4.0,33752157
1578,4,3,7.4,33114183
1398,3,1,9.0,24485453
1614,3,3,1.2,11118614
1870,3,3,7.6,37000120
2229,5,3,2.3,15066194
1653,4,2,6.6,29900540
2052,5,3,9.3,47242294
2715,6,4,7.5,48818497
1898,6,4,2.1,10840913
1853,3,2,7.7,34445407
663,1,1,4.9,7676108
450,1,1,6.7,9001840
1902,4,3,4.0,19099792
1588,4,3,7.9,29157288
1315,3,2,9.1,28610253
1808,5,4,7.6,38007008
1611,2,2,9.0,31455179
2383,5,2,9.0,57108260
1706,4,3,3.1,14366900
1164,3,3,6.4,18475775
2294,7,4,7.1,41880299
1509,4,2,9.6,32170160
1992,4,3,8.8,44934333
1340,2,2,4.8,16638319
1228,2,1,5.2,12810831
1705,3,1,6.8,26384232
1658,4,3,8.3,28460573
1962,5,3,5.9,30121116
1475,2,2,7.2,23849919
456,1,1,5.6,7115937
1369,4,2,3.6,13845675
2166,5,3,4.3,26362332
1457,4,3,5.1,16985820
1490,4,3,5.5,20598750
2291,6,3,4.1,26235977
1187,3,2,3.7,13059607
647,1,1,8.3,10998840
1546,3,3,6.9,23928549
1335,3,3,4.7,15640586
1022,1,1,2.3,7267203
1536,3,3,3.9,17388220
1969,4,2,8.3,45596225
1644,3,3,5.6,20265681
1850,3,2,5.1,23038808
2829,7,4,8.8,54269512
1427,3,2,2.3,9857749
1831,4,3,5.9,28694100
1319,3,2,9.4,29681116
1100,3,2,1.4,6876903
1270,4,4,5.6,21122565
1339,3,2,3.0,12156049
1884,3,2,8.5,38391928
3177,7,6,8.3,62248044
1185,3,3,2.0,9247836
1379,3,1,6.1,18338846
1609,3,3,5.7,22612188
1907,5,3,1.3,10172231
1821,4,4,4.7,20659920
2485,7,4,8.8,59220739
450,1,3,6.7,6358112
450,1,2,7.8,6241145
1328,4,2,4.9,18319188
2363,6,4,6.9,40340976
632,2,2,4.5,5978595
450,2,2,7.5,7916191
2021,4,3,6.8,34319843
